species,gene,ref_base,alt_base,effect,events,reference
b_cenocepacia,BCAL0296,A,T,I269N,1,"Sass et al. Antimicro Agents Chemother, 63:4, 2019"
b_cenocepacia,BCAL3040,A,G,F51L,1,"Sass et al. Antimicro Agents Chemother, 63:4, 2019"
b_cenocepacia,BCAM0965,C,G,W254C,1,"Sass et al. Antimicro Agents Chemother, 63:4, 2019"
b_cenocepacia,BCAM1870,C,G,C131W,3,"Sass et al. Antimicro Agents Chemother, 63:4, 2019"
b_cenocepacia,BCEN2424_1436,G,A,D98N,1,"O'Rourke et al. Front Gen, 6:18, 2015"
b_cenocepacia,BCEN2424_1436,G,A,R202H,1,"O'Rourke et al. Front Gen, 6:18, 2015"
b_cenocepacia,BCEN2424_1436,T,G,L205R,1,"O'Rourke et al. Front Gen, 6:18, 2015"
b_cenocepacia,BCEN2424_3786,G,C,A506P,1,"O'Rourke et al. Front Gen, 6:18, 2015"
b_cenocepacia,BCEN2424_3785,T,C,I197T,1,"O'Rourke et al. Front Gen, 6:18, 2015"
b_cenocepacia,BCEN2424_1436,C,T,S191L,1,"O'Rourke et al. Front Gen, 6:18, 2015"
b_cenocepacia,BCEN2424_3786,T,A,I196N,1,"Cooper et al. Genomics, 104:6, 2014"
b_cenocepacia,BCEN2424_3786,C,G,S285W,2,"Cooper et al. Genomics, 104:6, 2014"
b_cenocepacia,BCEN2424_3786,C,T,A368V,1,"Cooper et al. Genomics, 104:6, 2014"
b_cenocepacia,BCEN2424_3786,C,T,A369V,1,"Cooper et al. Genomics, 104:6, 2014"
b_cenocepacia,BCEN2424_3786,T,C,V389A,1,"Cooper et al. Genomics, 104:6, 2014"
b_cenocepacia,BCEN2424_3786,C,T,A407V,1,"Cooper et al. Genomics, 104:6, 2014"
b_cenocepacia,BCEN2424_3786,C,T,A452V,1,"Cooper et al. Genomics, 104:6, 2014"
b_cenocepacia,BCEN2424_3790,G,C,A202P,1,"Cooper et al. Genomics, 104:6, 2014"
b_cenocepacia,BCEN2424_3791,A,T,D279V,1,"Cooper et al. Genomics, 104:6, 2014"
b_cenocepacia,BCEN2424_3791,T,C,Y293H,1,"Cooper et al. Genomics, 104:6, 2014"
b_cenocepacia,BCEN2424_3791,C,T,P303L,1,"Cooper et al. Genomics, 104:6, 2014"
b_cenocepacia,BCEN2424_3791,G,A,A466T,1,"Cooper et al. Genomics, 104:6, 2014"
b_cenocepacia,BCEN2424_3791,G,T,A598S,1,"Cooper et al. Genomics, 104:6, 2014"
b_cenocepacia,BCEN2424_3791,C,T,A498V,1,"Cooper et al. Genomics, 104:6, 2014"
b_cenocepacia,BCEN2424_3791,G,A,D652N,4,"Cooper et al. Genomics, 104:6, 2014"
b_cenocepacia,BCEN2424_3791,C,T,S654L,1,"Cooper et al. Genomics, 104:6, 2014"
b_cenocepacia,BCEN2424_3791,A,G,D696G,1,"Cooper et al. Genomics, 104:6, 2014"
b_cenocepacia,BCEN2424_3791,C,T,S726L,3,"Cooper et al. Genomics, 104:6, 2014"
b_subtilis,pstBA,A,G,S216P,3,"Hu et al. Micr. Genom., 9:7, 2023"
b_subtilis,yuxH,C,A,D116Y,3,"Hu et al. Micr. Genom., 9:7, 2023"
b_subtilis,fliI,C,A,T304K,2,"Hu et al. Micr. Genom., 9:7, 2023"
b_subtilis,hag,C,A,G186C,2,"Hu et al. Micr. Genom., 9:7, 2023"
b_subtilis,fliY,C,T,S48L,1,"Hu et al. Micr. Genom., 9:7, 2023"
b_subtilis,sinR,G,A,E97K,1,"Hu et al. Micr. Genom., 9:7, 2023"
b_subtilis,pksR,T,C,S1681P,1,"Pomerleau et al. mSys., 9:2, 2024"
b_subtilis,sinR,C,T,S57L,1,"Pomerleau et al. mSys., 9:2, 2024"
b_subtilis,sinR,T,C,L99S,2,"Pomerleau et al. mSys., 9:2, 2024"
b_subtilis,sinR,G,T,R10L,1,"Pomerleau et al. mSys., 9:2, 2024"
b_subtilis,sinR,G,A,D84N,3,"Richter et al. Nat. Comm., 15:4486, 2024"
b_subtilis,degS,G,A,A193V,1,"Richter et al. Nat. Comm., 15:4486, 2024"
b_subtilis,oppD,G,A,A188T,1,"Richter et al. Nat. Comm., 15:4486, 2024"
b_subtilis,dinG,T,C,K797E,3,"Richter et al. Nat. Comm., 15:4486, 2024"
b_subtilis,degU,T,C,S202G,1,"Richter et al. Nat. Comm., 15:4486, 2024"
b_subtilis,odhB,T,G,I273L,3,"Richter et al. Nat. Comm., 15:4486, 2024"
c_glutamicum,gltA,C,T,P399L,1,"Baumgart et al. J. Bact., 193:24, 2011"
c_glutamicum,gltA,C,A,N241K,1,"Baumgart et al. J. Bact., 193:24, 2011"
c_glutamicum,gltA,C,T,P419S,1,"Baumgart et al. J. Bact., 193:24, 2011"
c_glutamicum,gltA,C,T,S63L,1,"Baumgart et al. J. Bact., 193:24, 2011"
c_glutamicum,gltA,A,T,H316L,1,"Baumgart et al. J. Bact., 193:24, 2011"
c_glutamicum,gltA,G,T,G54V,1,"Baumgart et al. J. Bact., 193:24, 2011"
c_glutamicum,glmU,C,T,E295K,1,"Oide et al. Appl. Env. Micro., 81:7, 2015"
c_glutamicum,otsA,G,A,R328H,1,"Oide et al. Appl. Env. Micro., 81:7, 2015"
c_glutamicum,fruK,C,T,T6I,2,"Pfeifer et al. Sci. Rep., 7:16780, 2017"
c_glutamicum,fruK,G,T,R71L,1,"Pfeifer et al. Sci. Rep., 7:16780, 2017"
c_glutamicum,pyk,G,A,A271T,1,"Pfeifer et al. Sci. Rep., 7:16780, 2017"
c_glutamicum,pyk,C,T,A20V,3,"Pfeifer et al. Sci. Rep., 7:16780, 2017"
c_glutamicum,pyk,A,G,T12A,2,"Pfeifer et al. Sci. Rep., 7:16780, 2017"
c_glutamicum,metY,G,A,G419D,1,"Wang et al. Comm. Biol., 3:217, 2020"
c_glutamicum,uriR,C,T,T195I,1,"Wang et al. Comm. Biol., 3:217, 2020"
c_glutamicum,Unannotated,A,G,M192V,1,"Wang et al. Comm. Biol., 3:217, 2020"
c_glutamicum,Unannotated,C,G,A181G,1,"Wang et al. Comm. Biol., 3:217, 2020"
c_glutamicum,mctC,C,T,S480F,1,"Wang et al. Comm. Biol., 3:217, 2020"
d_discoideum,Unannotated,C,T,C>Y,1,"Walker et al. G3, 14:1, 2023"
d_discoideum,Unannotated,G,A,D>N,1,"Walker et al. G3, 14:1, 2023"
d_discoideum,grlG,C,T,E>K,1,"Walker et al. G3, 14:1, 2023"
d_discoideum,Unannotated,C,G,E>Q,1,"Walker et al. G3, 14:1, 2023"
d_discoideum,Unannotated,C,T,G>S,1,"Walker et al. G3, 14:1, 2023"
d_discoideum,Unannotated,T,A,H>L,1,"Walker et al. G3, 14:1, 2023"
d_discoideum,grlG,T,A,I>F,1,"Walker et al. G3, 14:1, 2023"
d_discoideum,Unannotated,A,T,K>N,1,"Walker et al. G3, 14:1, 2023"
d_discoideum,Unspecified,T,A,L>F,1,"Walker et al. G3, 14:1, 2023"
d_discoideum,Unspecified,C,A,L>F,1,"Walker et al. G3, 14:1, 2023"
d_discoideum,Unspecified,T,A,L>F,1,"Walker et al. G3, 14:1, 2023"
d_discoideum,tmem144A,G,C,M>I,1,"Walker et al. G3, 14:1, 2023"
d_discoideum,Unannotated,T,A,M>K,1,"Walker et al. G3, 14:1, 2023"
d_discoideum,Unannotated,A,T,M>L,1,"Walker et al. G3, 14:1, 2023"
d_discoideum,Unannotated,A,C,N>H,1,"Walker et al. G3, 14:1, 2023"
d_discoideum,grlG,G,T,N>K,1,"Walker et al. G3, 14:1, 2023"
d_discoideum,grlG,G,C,P>R,1,"Walker et al. G3, 14:1, 2023"
d_discoideum,Unspecified,G,A,P>S,1,"Walker et al. G3, 14:1, 2023"
d_discoideum,Unspecified,G,A,P>S,1,"Walker et al. G3, 14:1, 2023"
d_discoideum,gxcE,G,A,T>I,1,"Walker et al. G3, 14:1, 2023"
d_discoideum,arkA,C,A,T>K,1,"Walker et al. G3, 14:1, 2023"
d_discoideum,grlG,A,T,Y>N,1,"Walker et al. G3, 14:1, 2023"
e_coli,rpoB,C,T, R151C,1,"Tenaillon et al. Science, 335:6067, 2012"
e_coli,rho,T,G, V223G,1,"Tenaillon et al. Science, 335:6067, 2012"
e_coli,rpoC,A,C, E1127A,1,"Tenaillon et al. Science, 335:6067, 2012"
e_coli,ybaL,A,G, L226P,1,"Tenaillon et al. Science, 335:6067, 2012"
e_coli,mrdA,T,C, K410E,1,"Tenaillon et al. Science, 335:6067, 2012"
e_coli,rpoB,C,T, T553I,1,"Tenaillon et al. Science, 335:6067, 2012"
e_coli,ybaL,T,A, D188V,1,"Tenaillon et al. Science, 335:6067, 2012"
e_coli,rho,T,A, I15N,1,"Tenaillon et al. Science, 335:6067, 2012"
e_coli,ybaL,A,C, V461G,1,"Tenaillon et al. Science, 335:6067, 2012"
e_coli,mrdA,T,C, T575A,1,"Tenaillon et al. Science, 335:6067, 2012"
e_coli,rpoB,T,G, I966S,1,"Tenaillon et al. Science, 335:6067, 2012"
e_coli,rpoD,C,G, I41M,1,"Tenaillon et al. Science, 335:6067, 2012"
e_coli,rpoB,T,A, I966N,1,"Tenaillon et al. Science, 335:6067, 2012"
e_coli,mrdA,T,G, I471L,1,"Tenaillon et al. Science, 335:6067, 2012"
e_coli,rpoB,C,T, P1081L,1,"Tenaillon et al. Science, 335:6067, 2012"
e_coli,rpoB,A,G, E1316G,1,"Tenaillon et al. Science, 335:6067, 2012"
e_coli,rpoB,C,T, A1245V,1,"Tenaillon et al. Science, 335:6067, 2012"
e_coli,rpoC,A,C, E106A,1,"Tenaillon et al. Science, 335:6067, 2012"
e_coli,ybaL,A,G, S288P,1,"Tenaillon et al. Science, 335:6067, 2012"
e_coli,rpoB,C,T, P372S,1,"Tenaillon et al. Science, 335:6067, 2012"
e_coli,mrdA,T,G, K60Q,1,"Tenaillon et al. Science, 335:6067, 2012"
e_coli,rpoB,T,A, I572N,1,"Tenaillon et al. Science, 335:6067, 2012"
e_coli,ybaL,A,C, V461G,1,"Tenaillon et al. Science, 335:6067, 2012"
e_coli,rpoB,T,G, I966S,1,"Tenaillon et al. Science, 335:6067, 2012"
e_coli,ybaL,C,T, G49S,1,"Tenaillon et al. Science, 335:6067, 2012"
e_coli,rpoA,C,T, R33H,1,"Tenaillon et al. Science, 335:6067, 2012"
e_coli,rpoB,T,G, F1323V,1,"Tenaillon et al. Science, 335:6067, 2012"
e_coli,nusA,C,T, A315T,1,"Tenaillon et al. Science, 335:6067, 2012"
e_coli,rpoB,T,G, I966S,1,"Tenaillon et al. Science, 335:6067, 2012"
e_coli,rpoD,A,T, I41F,1,"Tenaillon et al. Science, 335:6067, 2012"
e_coli,rpoC,C,T, P493S,1,"Tenaillon et al. Science, 335:6067, 2012"
e_coli,mrdA,C,A, W357C,1,"Tenaillon et al. Science, 335:6067, 2012"
e_coli,rpoB,A,C, N760H,1,"Tenaillon et al. Science, 335:6067, 2012"
e_coli,mrdA,T,G, I471L,1,"Tenaillon et al. Science, 335:6067, 2012"
e_coli,rpoB,T,G, I966S,1,"Tenaillon et al. Science, 335:6067, 2012"
e_coli,iclR,A,C, D200E,1,"Tenaillon et al. Science, 335:6067, 2012"
e_coli,rpoB,G,A, G566S,1,"Tenaillon et al. Science, 335:6067, 2012"
e_coli,rpoB,T,C, F1323L,1,"Tenaillon et al. Science, 335:6067, 2012"
e_coli,rpoC,T,A, L223Q,1,"Tenaillon et al. Science, 335:6067, 2012"
e_coli,ybaL,C,A, A270S,1,"Tenaillon et al. Science, 335:6067, 2012"
e_coli,rho,T,A, I15N,1,"Tenaillon et al. Science, 335:6067, 2012"
e_coli,nusA,A,G, V248A,1,"Tenaillon et al. Science, 335:6067, 2012"
e_coli,rpoA,G,A, R317C,1,"Tenaillon et al. Science, 335:6067, 2012"
e_coli,rpoC,G,T, G1130C,1,"Tenaillon et al. Science, 335:6067, 2012"
e_coli,rho,G,T, A229S,1,"Tenaillon et al. Science, 335:6067, 2012"
e_coli,rpoB,A,C, T539P,1,"Tenaillon et al. Science, 335:6067, 2012"
e_coli,ybaL,C,T, G40D,1,"Tenaillon et al. Science, 335:6067, 2012"
e_coli,mrdB,A,G, L246P,1,"Tenaillon et al. Science, 335:6067, 2012"
e_coli,rpoD,C,T, R608C,1,"Tenaillon et al. Science, 335:6067, 2012"
e_coli,rpoB,G,A, E365K,1,"Tenaillon et al. Science, 335:6067, 2012"
e_coli,nusA,C,G, G319A,1,"Tenaillon et al. Science, 335:6067, 2012"
e_coli,rho,G,A, A127T,1,"Tenaillon et al. Science, 335:6067, 2012"
e_coli,rpoB,T,A, I572N,1,"Tenaillon et al. Science, 335:6067, 2012"
e_coli,rho,A,C, D359A,1,"Tenaillon et al. Science, 335:6067, 2012"
e_coli,rpoB,T,C, S1250P,1,"Tenaillon et al. Science, 335:6067, 2012"
e_coli,iclR,C,A, E214D,1,"Tenaillon et al. Science, 335:6067, 2012"
e_coli,ybaL,A,C, V461G,1,"Tenaillon et al. Science, 335:6067, 2012"
e_coli,mrdA,T,C, I401V,1,"Tenaillon et al. Science, 335:6067, 2012"
e_coli,cls,T,G, D244A,1,"Tenaillon et al. Science, 335:6067, 2012"
e_coli,rpoS,T,G, Y67S,1,"Tenaillon et al. Science, 335:6067, 2012"
e_coli,rpoB,T,G, I966S,1,"Tenaillon et al. Science, 335:6067, 2012"
e_coli,rho,G,A, A43T,1,"Tenaillon et al. Science, 335:6067, 2012"
e_coli,iclR,A,G, I84T,1,"Tenaillon et al. Science, 335:6067, 2012"
e_coli,ybaL,A,G, F50L,1,"Tenaillon et al. Science, 335:6067, 2012"
e_coli,rpoB,T,G, I966S,1,"Tenaillon et al. Science, 335:6067, 2012"
e_coli,mrdA,T,C, I401V,1,"Tenaillon et al. Science, 335:6067, 2012"
e_coli,rpoB,T,C, L967P,1,"Tenaillon et al. Science, 335:6067, 2012"
e_coli,ybaL,C,A, G49C,1,"Tenaillon et al. Science, 335:6067, 2012"
e_coli,rpoB,T,A, I966N,1,"Tenaillon et al. Science, 335:6067, 2012"
e_coli,rpoB,C,T, R758C,1,"Tenaillon et al. Science, 335:6067, 2012"
e_coli,rpoB,A,C, T539P,1,"Tenaillon et al. Science, 335:6067, 2012"
e_coli,rpoB,T,G, I966S,1,"Tenaillon et al. Science, 335:6067, 2012"
e_coli,cls,A,C, F248V,1,"Tenaillon et al. Science, 335:6067, 2012"
e_coli,iclR,G,A, T66I,1,"Tenaillon et al. Science, 335:6067, 2012"
e_coli,rpoB,A,C, E745A,1,"Tenaillon et al. Science, 335:6067, 2012"
e_coli,rho,T,A, I15N,1,"Tenaillon et al. Science, 335:6067, 2012"
e_coli,mrdB,G,A, R208C,1,"Tenaillon et al. Science, 335:6067, 2012"
e_coli,rpoB,A,C, I572L,1,"Tenaillon et al. Science, 335:6067, 2012"
e_coli,ybaL,A,C, V461G,1,"Tenaillon et al. Science, 335:6067, 2012"
e_coli,cls,G,A, R425W,1,"Tenaillon et al. Science, 335:6067, 2012"
e_coli,rho,T,A, I15N,1,"Tenaillon et al. Science, 335:6067, 2012"
e_coli,ybaL,T,C, E225G,1,"Tenaillon et al. Science, 335:6067, 2012"
e_coli,cls,G,T, A380D,1,"Tenaillon et al. Science, 335:6067, 2012"
e_coli,rho,T,A, I15N,1,"Tenaillon et al. Science, 335:6067, 2012"
e_coli,rpoD,T,G, I91S,1,"Tenaillon et al. Science, 335:6067, 2012"
e_coli,rpoB,A,C, T539P,1,"Tenaillon et al. Science, 335:6067, 2012"
e_coli,rpoB,T,C, L960P,1,"Tenaillon et al. Science, 335:6067, 2012"
e_coli,cls,T,C, D231G,1,"Tenaillon et al. Science, 335:6067, 2012"
e_coli,rho,G,A, A43T,1,"Tenaillon et al. Science, 335:6067, 2012"
e_coli,rpoB,A,G, E745G,1,"Tenaillon et al. Science, 335:6067, 2012"
e_coli,iclR,T,G, L197F,1,"Tenaillon et al. Science, 335:6067, 2012"
e_coli,ybaL,C,A, G64V,1,"Tenaillon et al. Science, 335:6067, 2012"
e_coli,nusA,C,T, A315T,1,"Tenaillon et al. Science, 335:6067, 2012"
e_coli,rpoB,C,T, P806L,1,"Tenaillon et al. Science, 335:6067, 2012"
e_coli,rho,A,G, T231A,1,"Tenaillon et al. Science, 335:6067, 2012"
e_coli,ybaL,A,G, L361P,1,"Tenaillon et al. Science, 335:6067, 2012"
e_coli,rho,T,A, I15N,1,"Tenaillon et al. Science, 335:6067, 2012"
e_coli,ybaL,G,T, A92E,1,"Tenaillon et al. Science, 335:6067, 2012"
e_coli,mrdA,C,G, V273L,1,"Tenaillon et al. Science, 335:6067, 2012"
e_coli,rpoB,C,T, P375S,1,"Tenaillon et al. Science, 335:6067, 2012"
e_coli,ybaL,A,G, L487P,1,"Tenaillon et al. Science, 335:6067, 2012"
e_coli,rpoB,A,G, Q725R,1,"Tenaillon et al. Science, 335:6067, 2012"
e_coli,rpoB,A,C, D1297A,1,"Tenaillon et al. Science, 335:6067, 2012"
e_coli,ybaL,C,A, G290V,1,"Tenaillon et al. Science, 335:6067, 2012"
e_coli,rho,A,T, I15F,1,"Tenaillon et al. Science, 335:6067, 2012"
e_coli,iclR,T,G, T60P,1,"Tenaillon et al. Science, 335:6067, 2012"
e_coli,rpoD,A,G, D50G,1,"Tenaillon et al. Science, 335:6067, 2012"
e_coli,nusA,G,A, P290L,1,"Tenaillon et al. Science, 335:6067, 2012"
e_coli,rpoB,T,A, I966N,1,"Tenaillon et al. Science, 335:6067, 2012"
e_coli,rpoB,T,G, I966S,1,"Tenaillon et al. Science, 335:6067, 2012"
e_coli,iclR,C,G, G219A,1,"Tenaillon et al. Science, 335:6067, 2012"
e_coli,cls,T,A, D259V,1,"Tenaillon et al. Science, 335:6067, 2012"
e_coli,rho,C,T, A243V,1,"Tenaillon et al. Science, 335:6067, 2012"
e_coli,rpoC,T,C, L903P,1,"Tenaillon et al. Science, 335:6067, 2012"
e_coli,mrdB,T,C, E271G,1,"Tenaillon et al. Science, 335:6067, 2012"
e_coli,rpoB,A,C, I572L,1,"Tenaillon et al. Science, 335:6067, 2012"
e_coli,cls,C,G, D411H,1,"Tenaillon et al. Science, 335:6067, 2012"
e_coli,rho,G,A, A43T,1,"Tenaillon et al. Science, 335:6067, 2012"
e_coli,rpoB,A,G, K1078R,1,"Tenaillon et al. Science, 335:6067, 2012"
e_coli,mrdA,T,C, I401V,1,"Tenaillon et al. Science, 335:6067, 2012"
e_coli,rpoB,T,G, I966S,1,"Tenaillon et al. Science, 335:6067, 2012"
e_coli,cls,G,T, A235E,1,"Tenaillon et al. Science, 335:6067, 2012"
e_coli,nusA,A,T, D246E,1,"Tenaillon et al. Science, 335:6067, 2012"
e_coli,rpoB,C,T, T553I,1,"Tenaillon et al. Science, 335:6067, 2012"
e_coli,rpoB,G,T, G747C,1,"Tenaillon et al. Science, 335:6067, 2012"
e_coli,rho,A,G, I247V,1,"Tenaillon et al. Science, 335:6067, 2012"
e_coli,rpoC,C,T, A1336V,1,"Tenaillon et al. Science, 335:6067, 2012"
e_coli,rpoB,G,A, G556S,1,"Tenaillon et al. Science, 335:6067, 2012"
e_coli,iclR,C,T, A50T,1,"Tenaillon et al. Science, 335:6067, 2012"
e_coli,ybaL,C,T, G40D,1,"Tenaillon et al. Science, 335:6067, 2012"
e_coli,mrdA,C,A, V325F,1,"Tenaillon et al. Science, 335:6067, 2012"
e_coli,rpoB,A,C, I572L,1,"Tenaillon et al. Science, 335:6067, 2012"
e_coli,nusA,G,A, A250V,1,"Tenaillon et al. Science, 335:6067, 2012"
e_coli,rpoC,A,C, I290L,1,"Tenaillon et al. Science, 335:6067, 2012"
e_coli,rpoB,A,C, T539P,1,"Tenaillon et al. Science, 335:6067, 2012"
e_coli,rpoB,T,G, I966S,1,"Tenaillon et al. Science, 335:6067, 2012"
e_coli,mrdB,T,G, K364Q,1,"Tenaillon et al. Science, 335:6067, 2012"
e_coli,rpoB,T,A, I572N,1,"Tenaillon et al. Science, 335:6067, 2012"
e_coli,rpoB,C,A, N1236K,1,"Tenaillon et al. Science, 335:6067, 2012"
e_coli,nusA,A,G, V252A,1,"Tenaillon et al. Science, 335:6067, 2012"
e_coli,rpoB,T,G, I966S,1,"Tenaillon et al. Science, 335:6067, 2012"
e_coli,ybaL,C,T, E59K,1,"Tenaillon et al. Science, 335:6067, 2012"
e_coli,mrdA,T,C, I401V,1,"Tenaillon et al. Science, 335:6067, 2012"
e_coli,rpoD,T,G, I41S,1,"Tenaillon et al. Science, 335:6067, 2012"
e_coli,rpoC,A,C, T218P,1,"Tenaillon et al. Science, 335:6067, 2012"
e_coli,rpoC,C,T, A1315V,1,"Tenaillon et al. Science, 335:6067, 2012"
e_coli,rpoD,G,A, R397H,1,"Tenaillon et al. Science, 335:6067, 2012"
e_coli,rho,A,G, I386V,1,"Tenaillon et al. Science, 335:6067, 2012"
e_coli,rpoB,T,A, I572N,1,"Tenaillon et al. Science, 335:6067, 2012"
e_coli,ybaL,A,C, V461G,1,"Tenaillon et al. Science, 335:6067, 2012"
e_coli,rho,T,A, I15N,1,"Tenaillon et al. Science, 335:6067, 2012"
e_coli,ybaL,C,T, G49S,1,"Tenaillon et al. Science, 335:6067, 2012"
e_coli,cls,A,T, I230N,1,"Tenaillon et al. Science, 335:6067, 2012"
e_coli,rho,A,G, N129D,1,"Tenaillon et al. Science, 335:6067, 2012"
e_coli,rpoB,T,G, M1243R,1,"Tenaillon et al. Science, 335:6067, 2012"
e_coli,mrdA,T,C, I401V,1,"Tenaillon et al. Science, 335:6067, 2012"
e_coli,rpoA,C,T, R317H,1,"Tenaillon et al. Science, 335:6067, 2012"
e_coli,rpoB,A,C, E745A,1,"Tenaillon et al. Science, 335:6067, 2012"
e_coli,mrdB,T,G, E271A,1,"Tenaillon et al. Science, 335:6067, 2012"
e_coli,cls,A,T, I230N,1,"Tenaillon et al. Science, 335:6067, 2012"
e_coli,rpoB,G,T, R97L,1,"Tenaillon et al. Science, 335:6067, 2012"
e_coli,rpoB,C,A, Q725K,1,"Tenaillon et al. Science, 335:6067, 2012"
e_coli,mrdA,T,C, I401V,1,"Tenaillon et al. Science, 335:6067, 2012"
e_coli,cls,A,G, Y453H,1,"Tenaillon et al. Science, 335:6067, 2012"
e_coli,rpoB,A,C, T539P,1,"Tenaillon et al. Science, 335:6067, 2012"
e_coli,ybaL,C,T, G35E,1,"Tenaillon et al. Science, 335:6067, 2012"
e_coli,rho,C,T, R238C,1,"Tenaillon et al. Science, 335:6067, 2012"
e_coli,rpoB,G,A, G664S,1,"Tenaillon et al. Science, 335:6067, 2012"
e_coli,mrdA,G,T, T487N,1,"Tenaillon et al. Science, 335:6067, 2012"
e_coli,rpoC,G,A, E866K,1,"Tenaillon et al. Science, 335:6067, 2012"
e_coli,ybaL,C,T, G290E,1,"Tenaillon et al. Science, 335:6067, 2012"
e_coli,mrdA,T,C, N428D,1,"Tenaillon et al. Science, 335:6067, 2012"
e_coli,rpoB,A,G, E84G,1,"Tenaillon et al. Science, 335:6067, 2012"
e_coli,ybaL,A,C, L7R,1,"Tenaillon et al. Science, 335:6067, 2012"
e_coli,mrdA,A,C, F153V,1,"Tenaillon et al. Science, 335:6067, 2012"
e_coli,rpoC,C,T, P369S,1,"Tenaillon et al. Science, 335:6067, 2012"
e_coli,ybaL,T,A, I374F,1,"Tenaillon et al. Science, 335:6067, 2012"
e_coli,rho,A,T, I15F,1,"Tenaillon et al. Science, 335:6067, 2012"
e_coli,iclR,G,A, P155L,1,"Tenaillon et al. Science, 335:6067, 2012"
e_coli,nusA,G,A, A250V,1,"Tenaillon et al. Science, 335:6067, 2012"
e_coli,rpoB,A,C, T539P,1,"Tenaillon et al. Science, 335:6067, 2012"
e_coli,rpoB,T,G, I966S,1,"Tenaillon et al. Science, 335:6067, 2012"
e_coli,cls,A,C, V254G,1,"Tenaillon et al. Science, 335:6067, 2012"
e_coli,rpoB,A,T, I572F,1,"Tenaillon et al. Science, 335:6067, 2012"
e_coli,ybaL,T,C, T274A,1,"Tenaillon et al. Science, 335:6067, 2012"
e_coli,rpoB,C,T, P372S,1,"Tenaillon et al. Science, 335:6067, 2012"
e_coli,rho,G,T, Q189H,1,"Tenaillon et al. Science, 335:6067, 2012"
e_coli,mrdA,C,T, A271T,1,"Tenaillon et al. Science, 335:6067, 2012"
e_coli,rpoB,G,T, R143L,1,"Tenaillon et al. Science, 335:6067, 2012"
e_coli,rho,T,A, I15N,1,"Tenaillon et al. Science, 335:6067, 2012"
e_coli,iclR,T,C, H61R,1,"Tenaillon et al. Science, 335:6067, 2012"
e_coli,ybaL,C,T, E157K,1,"Tenaillon et al. Science, 335:6067, 2012"
e_coli,rho,T,A, I15N,1,"Tenaillon et al. Science, 335:6067, 2012"
e_coli,iclR,T,G, T60P,1,"Tenaillon et al. Science, 335:6067, 2012"
e_coli,ybaL,A,G, L284P,1,"Tenaillon et al. Science, 335:6067, 2012"
e_coli,rho,A,G, E244G,1,"Tenaillon et al. Science, 335:6067, 2012"
e_coli,rpoB,A,T, I572F,1,"Tenaillon et al. Science, 335:6067, 2012"
e_coli,mrdA,C,T, A271T,1,"Tenaillon et al. Science, 335:6067, 2012"
e_coli,rpoD,G,A, E42K,1,"Tenaillon et al. Science, 335:6067, 2012"
e_coli,rpoB,A,C, Q965P,1,"Tenaillon et al. Science, 335:6067, 2012"
e_coli,mrdA,G,A, A578V,1,"Tenaillon et al. Science, 335:6067, 2012"
e_coli,cls,A,G, I230T,1,"Tenaillon et al. Science, 335:6067, 2012"
e_coli,rpoB,T,G, I966S,1,"Tenaillon et al. Science, 335:6067, 2012"
e_coli,iclR,T,G, K12Q,1,"Tenaillon et al. Science, 335:6067, 2012"
e_coli,rho,T,C, V206A,1,"Tenaillon et al. Science, 335:6067, 2012"
e_coli,rpoC,A,C, Y1099S,1,"Tenaillon et al. Science, 335:6067, 2012"
e_coli,iclR,A,C, I134M,1,"Tenaillon et al. Science, 335:6067, 2012"
e_coli,cls,G,T, S36Y,1,"Tenaillon et al. Science, 335:6067, 2012"
e_coli,rho,A,T, I209F,1,"Tenaillon et al. Science, 335:6067, 2012"
e_coli,rpoB,A,G, K958R,1,"Tenaillon et al. Science, 335:6067, 2012"
e_coli,cls,C,A, G183W,1,"Tenaillon et al. Science, 335:6067, 2012"
e_coli,rpoS,A,G, Y67H,1,"Tenaillon et al. Science, 335:6067, 2012"
e_coli,rpoC,T,C, V825A,1,"Tenaillon et al. Science, 335:6067, 2012"
e_coli,ybaL,A,C, V461G,1,"Tenaillon et al. Science, 335:6067, 2012"
e_coli,rpoB,A,T, E745V,1,"Tenaillon et al. Science, 335:6067, 2012"
e_coli,rpoB,T,G, I1330M,1,"Tenaillon et al. Science, 335:6067, 2012"
e_coli,rpoA,G,A, R317C,1,"Tenaillon et al. Science, 335:6067, 2012"
e_coli,rho,A,C, K100T,1,"Tenaillon et al. Science, 335:6067, 2012"
e_coli,rpoB,T,G, I948S,1,"Tenaillon et al. Science, 335:6067, 2012"
e_coli,rho,A,C, E56A,1,"Tenaillon et al. Science, 335:6067, 2012"
e_coli,rpoB,T,C, L1014P,1,"Tenaillon et al. Science, 335:6067, 2012"
e_coli,cls,A,C, V362G,1,"Tenaillon et al. Science, 335:6067, 2012"
e_coli,nusA,C,T, G249S,1,"Tenaillon et al. Science, 335:6067, 2012"
e_coli,rpoB,A,G, D866G,1,"Tenaillon et al. Science, 335:6067, 2012"
e_coli,mrdA,T,C, Y10C,1,"Tenaillon et al. Science, 335:6067, 2012"
e_coli,rpoB,G,A, E84K,1,"Tenaillon et al. Science, 335:6067, 2012"
e_coli,rho,T,A, I15N,1,"Tenaillon et al. Science, 335:6067, 2012"
e_coli,iclR,T,G, Y209S,1,"Tenaillon et al. Science, 335:6067, 2012"
e_coli,mrdA,C,A, R438L,1,"Tenaillon et al. Science, 335:6067, 2012"
e_coli,rpoC,A,G, E833G,1,"Tenaillon et al. Science, 335:6067, 2012"
e_coli,rpoD,G,A, D37N,1,"Tenaillon et al. Science, 335:6067, 2012"
e_coli,rpoB,T,G, I966S,1,"Tenaillon et al. Science, 335:6067, 2012"
e_coli,rho,C,T, R30C,1,"Tenaillon et al. Science, 335:6067, 2012"
e_coli,rpoB,T,A, I572N,1,"Tenaillon et al. Science, 335:6067, 2012"
e_coli,iclR,A,G, Y186H,1,"Tenaillon et al. Science, 335:6067, 2012"
e_coli,ybaL,C,A, G22V,1,"Tenaillon et al. Science, 335:6067, 2012"
e_coli,rho,A,G, T231A,1,"Tenaillon et al. Science, 335:6067, 2012"
e_coli,rpoC,T,C, I1357T,1,"Tenaillon et al. Science, 335:6067, 2012"
e_coli,cls,T,C, E283G,1,"Tenaillon et al. Science, 335:6067, 2012"
e_coli,rpoC,G,A, A373T,1,"Tenaillon et al. Science, 335:6067, 2012"
e_coli,iclR,T,G, K8Q,1,"Tenaillon et al. Science, 335:6067, 2012"
e_coli,ybaL,A,T, D294E,1,"Tenaillon et al. Science, 335:6067, 2012"
e_coli,rpoD,G,T, E2D,1,"Tenaillon et al. Science, 335:6067, 2012"
e_coli,rpoC,A,C, Y511S,1,"Tenaillon et al. Science, 335:6067, 2012"
e_coli,rho,A,T, Q241L,1,"Tenaillon et al. Science, 335:6067, 2012"
e_coli,rho,T,A, I15N,1,"Tenaillon et al. Science, 335:6067, 2012"
e_coli,iclR,T,G, T60P,1,"Tenaillon et al. Science, 335:6067, 2012"
e_coli,rho,T,A, I15N,1,"Tenaillon et al. Science, 335:6067, 2012"
e_coli,mrdB,A,G, F353S,1,"Tenaillon et al. Science, 335:6067, 2012"
e_coli,rho,T,A, I15N,1,"Tenaillon et al. Science, 335:6067, 2012"
e_coli,nusA,C,A, C251F,1,"Tenaillon et al. Science, 335:6067, 2012"
e_coli,rho,T,A, I15N,1,"Tenaillon et al. Science, 335:6067, 2012"
e_coli,rho,A,T, N126I,1,"Tenaillon et al. Science, 335:6067, 2012"
e_coli,rpoB,C,T, P1081L,1,"Tenaillon et al. Science, 335:6067, 2012"
e_coli,rpoB,C,T, P1081L,1,"Tenaillon et al. Science, 335:6067, 2012"
e_coli,rho,T,A, I15N,1,"Tenaillon et al. Science, 335:6067, 2012"
e_coli,iclR,T,G, Q52H,1,"Tenaillon et al. Science, 335:6067, 2012"
e_coli,rho,G,A, A74T,1,"Tenaillon et al. Science, 335:6067, 2012"
e_coli,rpoB,A,C, T539P,1,"Tenaillon et al. Science, 335:6067, 2012"
e_coli,rpoB,A,C, E745A,1,"Tenaillon et al. Science, 335:6067, 2012"
e_coli,iclR,A,G, L33S,1,"Tenaillon et al. Science, 335:6067, 2012"
e_coli,rpoB,T,G, F1323V,1,"Tenaillon et al. Science, 335:6067, 2012"
e_coli,rpoC,A,C, E833A,1,"Tenaillon et al. Science, 335:6067, 2012"
e_coli,rpoB,T,G, I966S,1,"Tenaillon et al. Science, 335:6067, 2012"
e_coli,rpoC,T,A, I1357N,1,"Tenaillon et al. Science, 335:6067, 2012"
e_coli,cls,C,T, R425Q,1,"Tenaillon et al. Science, 335:6067, 2012"
e_coli,rpoB,A,C, I572L,1,"Tenaillon et al. Science, 335:6067, 2012"
e_coli,ybaL,A,T, D294E,1,"Tenaillon et al. Science, 335:6067, 2012"
e_coli,mrdB,A,T, V61E,1,"Tenaillon et al. Science, 335:6067, 2012"
e_coli,rpoB,T,A, I1210N,1,"Tenaillon et al. Science, 335:6067, 2012"
e_coli,mrdA,T,C, I401V,1,"Tenaillon et al. Science, 335:6067, 2012"
e_coli,nusA,C,T, A315T,1,"Tenaillon et al. Science, 335:6067, 2012"
e_coli,rpoB,A,G, E84G,1,"Tenaillon et al. Science, 335:6067, 2012"
e_coli,ybaL,C,T, E346K,1,"Tenaillon et al. Science, 335:6067, 2012"
e_coli,cls,A,G, W81R,1,"Tenaillon et al. Science, 335:6067, 2012"
e_coli,rho,C,T, H388Y,1,"Tenaillon et al. Science, 335:6067, 2012"
e_coli,rpoB,G,C, G747A,1,"Tenaillon et al. Science, 335:6067, 2012"
e_coli,iclR,G,A, S210L,1,"Tenaillon et al. Science, 335:6067, 2012"
e_coli,ybaL,A,C, V461G,1,"Tenaillon et al. Science, 335:6067, 2012"
e_coli,mrdB,C,T, R69H,1,"Tenaillon et al. Science, 335:6067, 2012"
e_coli,rpoB,A,C, I572L,1,"Tenaillon et al. Science, 335:6067, 2012"
e_coli,iclR,G,A, A45V,1,"Tenaillon et al. Science, 335:6067, 2012"
l_lactis,llkf_0399,G,T,A347S,1,"Bachmann et al. Genom. Res., 22, 2012"
l_lactis,llkf_0809,T,A,R34N,1,"Bachmann et al. Genom. Res., 22, 2012"
l_lactis,llkf_1962,G,T,T102N,1,"Bachmann et al. Genom. Res., 22, 2012"
l_lactis,llkf_2297,G,A,G213D,1,"Bachmann et al. Genom. Res., 22, 2012"
l_lactis,llmg_0219,A,G,T>A,1,"Chen et al. Sci. Rep., 5:14199, 2015"
l_lactis,llmg_0242,G,A,G>R,1,"Chen et al. Sci. Rep., 5:14199, 2015"
l_lactis,trmD,G,A,V>I,1,"Chen et al. Sci. Rep., 5:14199, 2015"
l_lactis,rpoC,C,T,G>R,1,"Chen et al. Sci. Rep., 5:14199, 2015"
l_lactis,rpoC,C,T,E>K,1,"Chen et al. Sci. Rep., 5:14199, 2015"
l_lactis,cdsA,G,A,P>L,1,"Chen et al. Sci. Rep., 5:14199, 2015"
l_lactis,llmg_2477,G,A,A>S,1,"Chen et al. Sci. Rep., 5:14199, 2015"
l_lactis,llmg_2541,G,A,A>T,1,"Chen et al. Sci. Rep., 5:14199, 2015"
l_lactis,ftsL,G,A,L69F,1,"Liu et al. Front. Microb., 12, 2021"
l_lactis,llmg_0907,C,A,T9K,2,"Liu et al. Front. Microb., 12, 2021"
l_lactis,ldh,T,A,V212D,2,"Liu et al. Front. Microb., 12, 2021"
l_lactis,ldh,A,T,K195N,1,"Liu et al. Front. Microb., 12, 2021"
l_lactis,gapB,G,A,A203V,3,"Liu et al. Front. Microb., 12, 2021"
l_lactis,relA,C,G,V469L,1,"Dorau et al. Appl. Env. Micr., 87:21, 2021"
l_lactis,murC,T,G,F54L,2,"Dorau et al. Appl. Env. Micr., 87:21, 2021"
l_lactis,pheT,C,A,R546S,1,"Dorau et al. Appl. Env. Micr., 87:21, 2021"
l_lactis,DNA primase,G,T,A410S,1,"Dorau et al. Appl. Env. Micr., 87:21, 2021"
l_lactis,rexA,C,A,D311Y,1,"Dorau et al. Appl. Env. Micr., 87:21, 2021"
l_lactis,purR,G,A,G206S,1,"Dorau et al. Appl. Env. Micr., 87:21, 2021"
m_tuberculosis,Rv1484,T,C,I>T,9,"Cano et al. PNAS, 119:7, 2022"
m_tuberculosis,Rv1484,T,G,S>A,20,"Cano et al. PNAS, 119:7, 2022"
m_tuberculosis,Rv1484,T,C,I>T,11,"Cano et al. PNAS, 119:7, 2022"
m_tuberculosis,Rv1694,T,G,N>K,1,"Cano et al. PNAS, 119:7, 2022"
m_tuberculosis,Rv1908c,C,A,W>L,2,"Cano et al. PNAS, 119:7, 2022"
m_tuberculosis,Rv1908c,G,C,S>R,1,"Cano et al. PNAS, 119:7, 2022"
m_tuberculosis,Rv1908c,G,T,S>R,13,"Cano et al. PNAS, 119:7, 2022"
m_tuberculosis,Rv1908c,C,A,S>I,1,"Cano et al. PNAS, 119:7, 2022"
m_tuberculosis,Rv1908c,C,G,S>T,445,"Cano et al. PNAS, 119:7, 2022"
m_tuberculosis,Rv1908c,C,T,S>N,25,"Cano et al. PNAS, 119:7, 2022"
m_tuberculosis,Rv1908c,G,C,P>R,1,"Cano et al. PNAS, 119:7, 2022"
m_tuberculosis,Rv1908c,A,G,W>R,3,"Cano et al. PNAS, 119:7, 2022"
m_tuberculosis,Rv1908c,A,G,L>P,1,"Cano et al. PNAS, 119:7, 2022"
m_tuberculosis,Rv1908c,T,G,Y>S,2,"Cano et al. PNAS, 119:7, 2022"
m_tuberculosis,Rv1908c,G,T,P>T,1,"Cano et al. PNAS, 119:7, 2022"
m_tuberculosis,Rv2043c,C,A,V>F,2,"Cano et al. PNAS, 119:7, 2022"
m_tuberculosis,Rv2043c,A,G,L>P,5,"Cano et al. PNAS, 119:7, 2022"
m_tuberculosis,Rv2043c,C,G,V>L,1,"Cano et al. PNAS, 119:7, 2022"
m_tuberculosis,Rv2043c,A,G,C>R,2,"Cano et al. PNAS, 119:7, 2022"
m_tuberculosis,Rv2043c,C,T,D>N,1,"Cano et al. PNAS, 119:7, 2022"
m_tuberculosis,Rv2043c,C,T,G>D,4,"Cano et al. PNAS, 119:7, 2022"
m_tuberculosis,Rv2043c,A,C,V>G,3,"Cano et al. PNAS, 119:7, 2022"
m_tuberculosis,Rv2043c,G,C,S>R,1,"Cano et al. PNAS, 119:7, 2022"
m_tuberculosis,Rv2043c,G,T,S>R,5,"Cano et al. PNAS, 119:7, 2022"
m_tuberculosis,Rv2043c,T,G,S>R,1,"Cano et al. PNAS, 119:7, 2022"
m_tuberculosis,Rv2043c,C,T,G>D,2,"Cano et al. PNAS, 119:7, 2022"
m_tuberculosis,Rv2043c,T,G,K>T,4,"Cano et al. PNAS, 119:7, 2022"
m_tuberculosis,Rv2043c,C,A,G>C,1,"Cano et al. PNAS, 119:7, 2022"
m_tuberculosis,Rv2043c,C,A,W>C,1,"Cano et al. PNAS, 119:7, 2022"
m_tuberculosis,Rv2043c,C,G,W>C,1,"Cano et al. PNAS, 119:7, 2022"
m_tuberculosis,Rv2043c,T,C,H>R,2,"Cano et al. PNAS, 119:7, 2022"
m_tuberculosis,Rv2043c,G,C,H>D,2,"Cano et al. PNAS, 119:7, 2022"
m_tuberculosis,Rv2043c,C,T,D>N,1,"Cano et al. PNAS, 119:7, 2022"
m_tuberculosis,Rv2043c,A,G,L>P,3,"Cano et al. PNAS, 119:7, 2022"
m_tuberculosis,Rv2043c,A,G,C>R,2,"Cano et al. PNAS, 119:7, 2022"
m_tuberculosis,Rv2043c,T,G,D>A,7,"Cano et al. PNAS, 119:7, 2022"
m_tuberculosis,Rv2043c,T,C,D>G,1,"Cano et al. PNAS, 119:7, 2022"
m_tuberculosis,Rv2043c,C,T,D>N,4,"Cano et al. PNAS, 119:7, 2022"
m_tuberculosis,Rv2043c,C,G,V>L,1,"Cano et al. PNAS, 119:7, 2022"
m_tuberculosis,Rv2043c,A,G,L>S,5,"Cano et al. PNAS, 119:7, 2022"
m_tuberculosis,Rv2416c,G,A,P>L,1,"Cano et al. PNAS, 119:7, 2022"
m_tuberculosis,Rv3795,A,C,M>L,14,"Cano et al. PNAS, 119:7, 2022"
m_tuberculosis,Rv3795,A,G,M>V,147,"Cano et al. PNAS, 119:7, 2022"
m_tuberculosis,Rv3795,A,T,M>L,1,"Cano et al. PNAS, 119:7, 2022"
m_tuberculosis,Rv3795,G,A,M>I,101,"Cano et al. PNAS, 119:7, 2022"
m_tuberculosis,Rv3795,G,C,M>I,38,"Cano et al. PNAS, 119:7, 2022"
m_tuberculosis,Rv3795,G,T,M>I,12,"Cano et al. PNAS, 119:7, 2022"
m_tuberculosis,Rv3795,A,C,Y>S,5,"Cano et al. PNAS, 119:7, 2022"
m_tuberculosis,Rv3795,G,T,D>Y,4,"Cano et al. PNAS, 119:7, 2022"
m_tuberculosis,Rv3795,A,G,D>G,3,"Cano et al. PNAS, 119:7, 2022"
m_tuberculosis,Rv3795,A,C,D>A,18,"Cano et al. PNAS, 119:7, 2022"
m_tuberculosis,Rv3795,G,C,E>D,2,"Cano et al. PNAS, 119:7, 2022"
m_tuberculosis,Rv3795,G,A,G>S,10,"Cano et al. PNAS, 119:7, 2022"
m_tuberculosis,Rv3795,G,T,G>C,1,"Cano et al. PNAS, 119:7, 2022"
m_tuberculosis,Rv3795,G,A,G>D,30,"Cano et al. PNAS, 119:7, 2022"
m_tuberculosis,Rv3795,G,C,G>A,31,"Cano et al. PNAS, 119:7, 2022"
m_tuberculosis,Rv3795,C,A,Q>K,18,"Cano et al. PNAS, 119:7, 2022"
m_tuberculosis,Rv3795,A,G,Q>R,58,"Cano et al. PNAS, 119:7, 2022"
m_tuberculosis,Rv3795,T,G,M>R,1,"Cano et al. PNAS, 119:7, 2022"
m_tuberculosis,Rv3795,G,A,D>N,30,"Cano et al. PNAS, 119:7, 2022"
m_tuberculosis,Rv3795,A,G,T>A,1,"Cano et al. PNAS, 119:7, 2022"
m_tuberculosis,Rv3854c,G,C,P>A,1,"Cano et al. PNAS, 119:7, 2022"
m_tuberculosis,Rv3854c,T,G,H>P,2,"Cano et al. PNAS, 119:7, 2022"
m_tuberculosis,Rv3854c,G,C,S>R,1,"Cano et al. PNAS, 119:7, 2022"
m_tuberculosis,Rv3854c,T,C,Q>R,2,"Cano et al. PNAS, 119:7, 2022"
m_tuberculosis,Rv3854c,G,A,P>L,1,"Cano et al. PNAS, 119:7, 2022"
m_tuberculosis,Rv3854c,C,G,W>S,1,"Cano et al. PNAS, 119:7, 2022"
m_tuberculosis,Rv3854c,T,G,Q>P,3,"Cano et al. PNAS, 119:7, 2022"
m_tuberculosis,Rv3854c,A,G,C>R,4,"Cano et al. PNAS, 119:7, 2022"
m_tuberculosis,Rv3854c,A,C,L>R,2,"Cano et al. PNAS, 119:7, 2022"
m_tuberculosis,Rv3919c,G,T,A>E,2,"Cano et al. PNAS, 119:7, 2022"
m_tuberculosis,Rv3919c,C,A,R>L,1,"Cano et al. PNAS, 119:7, 2022"
m_tuberculosis,Rv3919c,G,C,S>R,2,"Cano et al. PNAS, 119:7, 2022"
m_tuberculosis,Rv3919c,G,T,S>R,1,"Cano et al. PNAS, 119:7, 2022"
m_tuberculosis,Rv3919c,T,G,S>R,4,"Cano et al. PNAS, 119:7, 2022"
m_tuberculosis,Rv3919c,G,A,A>V,13,"Cano et al. PNAS, 119:7, 2022"
m_tuberculosis,Rv3919c,G,A,R>W,4,"Cano et al. PNAS, 119:7, 2022"
m_tuberculosis,Rv3919c,G,T,A>E,3,"Cano et al. PNAS, 119:7, 2022"
m_tuberculosis,Rv3919c,A,C,L>R,4,"Cano et al. PNAS, 119:7, 2022"
m_tuberculosis,Rv3919c,A,G,L>P,1,"Cano et al. PNAS, 119:7, 2022"
m_tuberculosis,Rv3919c,A,G,L>P,2,"Cano et al. PNAS, 119:7, 2022"
m_tuberculosis,Rv3919c,G,A,P>L,1,"Cano et al. PNAS, 119:7, 2022"
m_tuberculosis,Rv3919c,C,G,A>P,2,"Cano et al. PNAS, 119:7, 2022"
m_tuberculosis,Rv3919c,A,G,L>S,7,"Cano et al. PNAS, 119:7, 2022"
m_tuberculosis,Rv3919c,A,C,V>G,4,"Cano et al. PNAS, 119:7, 2022"
m_tuberculosis,Rv3919c,G,A,P>L,2,"Cano et al. PNAS, 119:7, 2022"
m_tuberculosis,Rv3919c,C,G,G>A,1,"Cano et al. PNAS, 119:7, 2022"
m_tuberculosis,Rv3919c,C,T,G>E,1,"Cano et al. PNAS, 119:7, 2022"
m_tuberculosis,Rv3919c,C,T,S>N,1,"Cano et al. PNAS, 119:7, 2022"
m_tuberculosis,Rv3919c,C,T,G>D,2,"Cano et al. PNAS, 119:7, 2022"
m_tuberculosis,Rv3919c,T,C,D>G,4,"Cano et al. PNAS, 119:7, 2022"
m_tuberculosis,Rv3919c,A,C,V>G,5,"Cano et al. PNAS, 119:7, 2022"
m_tuberculosis,Rv3919c,G,T,H>N,1,"Cano et al. PNAS, 119:7, 2022"
m_tuberculosis,Rv0005,G,A,D>N,5,"Cano et al. PNAS, 119:7, 2022"
m_tuberculosis,Rv0005,A,G,N>D,1,"Cano et al. PNAS, 119:7, 2022"
m_tuberculosis,Rv0006,G,T,G>C,5,"Cano et al. PNAS, 119:7, 2022"
m_tuberculosis,Rv0006,G,C,G>A,3,"Cano et al. PNAS, 119:7, 2022"
m_tuberculosis,Rv0006,C,T,A>V,54,"Cano et al. PNAS, 119:7, 2022"
m_tuberculosis,Rv0006,T,C,S>P,22,"Cano et al. PNAS, 119:7, 2022"
m_tuberculosis,Rv0006,G,A,D>N,21,"Cano et al. PNAS, 119:7, 2022"
m_tuberculosis,Rv0006,G,C,D>H,7,"Cano et al. PNAS, 119:7, 2022"
m_tuberculosis,Rv0006,G,T,D>Y,17,"Cano et al. PNAS, 119:7, 2022"
m_tuberculosis,Rv0006,A,C,D>A,33,"Cano et al. PNAS, 119:7, 2022"
m_tuberculosis,Rv0006,A,G,D>G,86,"Cano et al. PNAS, 119:7, 2022"
m_tuberculosis,Rv0667,G,T,V>F,6,"Cano et al. PNAS, 119:7, 2022"
m_tuberculosis,Rv0667,T,C,V>A,1,"Cano et al. PNAS, 119:7, 2022"
m_tuberculosis,Rv0667,C,A,Q>K,4,"Cano et al. PNAS, 119:7, 2022"
m_tuberculosis,Rv0667,C,G,Q>E,1,"Cano et al. PNAS, 119:7, 2022"
m_tuberculosis,Rv0667,A,C,Q>P,3,"Cano et al. PNAS, 119:7, 2022"
m_tuberculosis,Rv0667,A,T,Q>L,4,"Cano et al. PNAS, 119:7, 2022"
m_tuberculosis,Rv0667,G,T,D>Y,39,"Cano et al. PNAS, 119:7, 2022"
m_tuberculosis,Rv0667,A,G,D>G,8,"Cano et al. PNAS, 119:7, 2022"
m_tuberculosis,Rv0667,A,T,D>V,65,"Cano et al. PNAS, 119:7, 2022"
m_tuberculosis,Rv0667,C,T,S>L,3,"Cano et al. PNAS, 119:7, 2022"
m_tuberculosis,Rv0667,C,A,H>N,17,"Cano et al. PNAS, 119:7, 2022"
m_tuberculosis,Rv0667,C,G,H>D,44,"Cano et al. PNAS, 119:7, 2022"
m_tuberculosis,Rv0667,C,T,H>Y,43,"Cano et al. PNAS, 119:7, 2022"
m_tuberculosis,Rv0667,A,C,H>P,4,"Cano et al. PNAS, 119:7, 2022"
m_tuberculosis,Rv0667,A,G,H>R,21,"Cano et al. PNAS, 119:7, 2022"
m_tuberculosis,Rv0667,A,T,H>L,17,"Cano et al. PNAS, 119:7, 2022"
m_tuberculosis,Rv0667,C,G,S>W,16,"Cano et al. PNAS, 119:7, 2022"
m_tuberculosis,Rv0667,C,T,S>L,306,"Cano et al. PNAS, 119:7, 2022"
m_tuberculosis,Rv0667,T,C,L>P,22,"Cano et al. PNAS, 119:7, 2022"
m_tuberculosis,Rv0667,A,T,I>F,6,"Cano et al. PNAS, 119:7, 2022"
m_tuberculosis,Rv0682,A,G,K>R,176,"Cano et al. PNAS, 119:7, 2022"
m_tuberculosis,Rv0682,A,G,K>R,50,"Cano et al. PNAS, 119:7, 2022"
m_tuberculosis,inhA,T,C,I>T,4,"Cano et al. PNAS, 119:7, 2022"
m_tuberculosis,inhA,T,C,I>T,8,"Cano et al. PNAS, 119:7, 2022"
m_tuberculosis,katG,A,C,L>R,1,"Cano et al. PNAS, 119:7, 2022"
m_tuberculosis,katG,C,A,G>C,1,"Cano et al. PNAS, 119:7, 2022"
m_tuberculosis,katG,G,C,S>R,1,"Cano et al. PNAS, 119:7, 2022"
m_tuberculosis,katG,G,T,S>R,5,"Cano et al. PNAS, 119:7, 2022"
m_tuberculosis,katG,C,A,S>I,3,"Cano et al. PNAS, 119:7, 2022"
m_tuberculosis,katG,C,G,S>T,321,"Cano et al. PNAS, 119:7, 2022"
m_tuberculosis,katG,C,T,S>S,29,"Cano et al. PNAS, 119:7, 2022"
m_tuberculosis,katG,T,C,S>G,3,"Cano et al. PNAS, 119:7, 2022"
m_tuberculosis,katG,C,T,G>S,2,"Cano et al. PNAS, 119:7, 2022"
m_tuberculosis,katG,T,C,D>G,2,"Cano et al. PNAS, 119:7, 2022"
m_tuberculosis,katG,T,G,D>A,1,"Cano et al. PNAS, 119:7, 2022"
m_tuberculosis,katG,T,C,Y>C,2,"Cano et al. PNAS, 119:7, 2022"
m_tuberculosis,pncA,C,A,R>S,1,"Cano et al. PNAS, 119:7, 2022"
m_tuberculosis,pncA,T,C,R>G,3,"Cano et al. PNAS, 119:7, 2022"
m_tuberculosis,pncA,C,G,R>P,2,"Cano et al. PNAS, 119:7, 2022"
m_tuberculosis,pncA,A,T,H>Q,3,"Cano et al. PNAS, 119:7, 2022"
m_tuberculosis,pncA,T,C,H>R,2,"Cano et al. PNAS, 119:7, 2022"
m_tuberculosis,pncA,G,A,H>Y,3,"Cano et al. PNAS, 119:7, 2022"
m_tuberculosis,pncA,G,T,H>S,1,"Cano et al. PNAS, 119:7, 2022"
m_tuberculosis,pncA,G,T,H>Q,1,"Cano et al. PNAS, 119:7, 2022"
m_tuberculosis,pncA,T,C,H>R,1,"Cano et al. PNAS, 119:7, 2022"
m_tuberculosis,pncA,T,G,H>P,1,"Cano et al. PNAS, 119:7, 2022"
m_tuberculosis,pncA,G,A,H>Y,3,"Cano et al. PNAS, 119:7, 2022"
m_tuberculosis,pncA,G,C,H>D,2,"Cano et al. PNAS, 119:7, 2022"
m_tuberculosis,kasA,G,A,V>I,1,"Cano et al. PNAS, 119:7, 2022"
m_tuberculosis,kasA,C,T,H>Y,1,"Cano et al. PNAS, 119:7, 2022"
m_tuberculosis,embB,A,C,M>L,12,"Cano et al. PNAS, 119:7, 2022"
m_tuberculosis,embB,A,G,M>V,150,"Cano et al. PNAS, 119:7, 2022"
m_tuberculosis,embB,A,T,M>L,2,"Cano et al. PNAS, 119:7, 2022"
m_tuberculosis,embB,G,A,M>I,95,"Cano et al. PNAS, 119:7, 2022"
m_tuberculosis,embB,G,C,M>I,30,"Cano et al. PNAS, 119:7, 2022"
m_tuberculosis,embB,G,T,M>I,9,"Cano et al. PNAS, 119:7, 2022"
m_tuberculosis,embB,T,G,Y>D,1,"Cano et al. PNAS, 119:7, 2022"
m_tuberculosis,embB,A,C,Y>S,6,"Cano et al. PNAS, 119:7, 2022"
m_tuberculosis,embB,A,G,Y>C,4,"Cano et al. PNAS, 119:7, 2022"
m_tuberculosis,embB,G,C,E>D,2,"Cano et al. PNAS, 119:7, 2022"
m_tuberculosis,embB,G,A,G>S,12,"Cano et al. PNAS, 119:7, 2022"
m_tuberculosis,embB,G,T,G>C,2,"Cano et al. PNAS, 119:7, 2022"
m_tuberculosis,embB,G,A,G>D,28,"Cano et al. PNAS, 119:7, 2022"
m_tuberculosis,embB,G,C,G>A,28,"Cano et al. PNAS, 119:7, 2022"
m_tuberculosis,embB,G,C,A>P,2,"Cano et al. PNAS, 119:7, 2022"
m_tuberculosis,embB,C,A,Q>K,15,"Cano et al. PNAS, 119:7, 2022"
m_tuberculosis,embB,A,C,Q>P,4,"Cano et al. PNAS, 119:7, 2022"
m_tuberculosis,embB,A,G,Q>R,43,"Cano et al. PNAS, 119:7, 2022"
m_tuberculosis,embB,G,C,Q>H,2,"Cano et al. PNAS, 119:7, 2022"
m_tuberculosis,embB,A,G,H>R,9,"Cano et al. PNAS, 119:7, 2022"
m_tuberculosis,gidB,G,T,A>E,1,"Cano et al. PNAS, 119:7, 2022"
m_tuberculosis,gidB,G,A,A>V,9,"Cano et al. PNAS, 119:7, 2022"
m_tuberculosis,gidB,G,T,A>E,2,"Cano et al. PNAS, 119:7, 2022"
m_tuberculosis,gidB,C,A,A>S,1,"Cano et al. PNAS, 119:7, 2022"
m_tuberculosis,gidB,G,A,A>V,1,"Cano et al. PNAS, 119:7, 2022"
m_tuberculosis,gidB,G,T,A>E,1,"Cano et al. PNAS, 119:7, 2022"
m_tuberculosis,gyrB,G,A,D>S,6,"Cano et al. PNAS, 119:7, 2022"
m_tuberculosis,gyrB,G,C,D>H,1,"Cano et al. PNAS, 119:7, 2022"
m_tuberculosis,gyrB,C,T,A>V,1,"Cano et al. PNAS, 119:7, 2022"
m_tuberculosis,gyrB,C,A,L>I,1,"Cano et al. PNAS, 119:7, 2022"
m_tuberculosis,gyrB,A,C,I>L,1,"Cano et al. PNAS, 119:7, 2022"
m_tuberculosis,gyrB,A,G,S>D,2,"Cano et al. PNAS, 119:7, 2022"
m_tuberculosis,gyrB,A,T,S>Y,1,"Cano et al. PNAS, 119:7, 2022"
m_tuberculosis,gyrB,A,C,S>T,3,"Cano et al. PNAS, 119:7, 2022"
m_tuberculosis,gyrB,A,G,S>S,3,"Cano et al. PNAS, 119:7, 2022"
m_tuberculosis,gyrB,C,A,S>K,1,"Cano et al. PNAS, 119:7, 2022"
m_tuberculosis,gyrB,C,G,S>K,1,"Cano et al. PNAS, 119:7, 2022"
m_tuberculosis,gyrA,G,T,G>C,5,"Cano et al. PNAS, 119:7, 2022"
m_tuberculosis,gyrA,G,C,G>A,4,"Cano et al. PNAS, 119:7, 2022"
m_tuberculosis,gyrA,C,G,A>G,1,"Cano et al. PNAS, 119:7, 2022"
m_tuberculosis,gyrA,C,T,A>V,73,"Cano et al. PNAS, 119:7, 2022"
m_tuberculosis,gyrA,T,C,S>P,24,"Cano et al. PNAS, 119:7, 2022"
m_tuberculosis,gyrA,G,A,D>S,18,"Cano et al. PNAS, 119:7, 2022"
m_tuberculosis,gyrA,G,C,D>H,8,"Cano et al. PNAS, 119:7, 2022"
m_tuberculosis,gyrA,G,T,D>Y,19,"Cano et al. PNAS, 119:7, 2022"
m_tuberculosis,gyrA,A,C,D>A,44,"Cano et al. PNAS, 119:7, 2022"
m_tuberculosis,gyrA,A,G,D>G,93,"Cano et al. PNAS, 119:7, 2022"
m_tuberculosis,gyrA,A,T,D>V,1,"Cano et al. PNAS, 119:7, 2022"
m_tuberculosis,rpoB,G,T,V>F,9,"Cano et al. PNAS, 119:7, 2022"
m_tuberculosis,rpoB,A,C,T>P,1,"Cano et al. PNAS, 119:7, 2022"
m_tuberculosis,rpoB,C,T,T>I,1,"Cano et al. PNAS, 119:7, 2022"
m_tuberculosis,rpoB,A,G,S>G,1,"Cano et al. PNAS, 119:7, 2022"
m_tuberculosis,rpoB,C,G,S>R,1,"Cano et al. PNAS, 119:7, 2022"
m_tuberculosis,rpoB,A,T,Q>L,1,"Cano et al. PNAS, 119:7, 2022"
m_tuberculosis,rpoB,G,C,Q>H,1,"Cano et al. PNAS, 119:7, 2022"
m_tuberculosis,rpoB,G,T,Q>H,1,"Cano et al. PNAS, 119:7, 2022"
m_tuberculosis,rpoB,T,C,L>P,27,"Cano et al. PNAS, 119:7, 2022"
m_tuberculosis,rpoB,T,G,L>R,2,"Cano et al. PNAS, 119:7, 2022"
m_tuberculosis,rpoB,A,G,S>G,2,"Cano et al. PNAS, 119:7, 2022"
m_tuberculosis,rpoB,C,A,Q>K,2,"Cano et al. PNAS, 119:7, 2022"
m_tuberculosis,rpoB,A,C,Q>P,1,"Cano et al. PNAS, 119:7, 2022"
m_tuberculosis,rpoB,A,T,Q>L,2,"Cano et al. PNAS, 119:7, 2022"
m_tuberculosis,rpoB,A,G,M>V,2,"Cano et al. PNAS, 119:7, 2022"
m_tuberculosis,rpoB,T,G,M>R,1,"Cano et al. PNAS, 119:7, 2022"
m_tuberculosis,rpoB,G,A,M>I,1,"Cano et al. PNAS, 119:7, 2022"
m_tuberculosis,rpoB,G,C,D>H,1,"Cano et al. PNAS, 119:7, 2022"
m_tuberculosis,rpoB,G,T,D>Y,30,"Cano et al. PNAS, 119:7, 2022"
m_tuberculosis,rpoB,A,C,D>A,2,"Cano et al. PNAS, 119:7, 2022"
m_tuberculosis,rpoB,A,G,D>G,13,"Cano et al. PNAS, 119:7, 2022"
m_tuberculosis,rpoB,A,T,D>V,54,"Cano et al. PNAS, 119:7, 2022"
m_tuberculosis,rpoB,C,G,D>E,1,"Cano et al. PNAS, 119:7, 2022"
m_tuberculosis,rpoB,A,C,S>H,1,"Cano et al. PNAS, 119:7, 2022"
m_tuberculosis,rpoB,T,A,S>T,1,"Cano et al. PNAS, 119:7, 2022"
m_tuberculosis,rpoB,T,C,S>P,1,"Cano et al. PNAS, 119:7, 2022"
m_tuberculosis,rpoB,C,G,S>W,1,"Cano et al. PNAS, 119:7, 2022"
m_tuberculosis,rpoB,C,T,S>L,5,"Cano et al. PNAS, 119:7, 2022"
m_tuberculosis,rpoB,G,A,G>E,1,"Cano et al. PNAS, 119:7, 2022"
m_tuberculosis,rpoB,C,T,T>I,1,"Cano et al. PNAS, 119:7, 2022"
m_tuberculosis,rpoB,C,A,H>S,13,"Cano et al. PNAS, 119:7, 2022"
m_tuberculosis,rpoB,C,G,H>D,30,"Cano et al. PNAS, 119:7, 2022"
m_tuberculosis,rpoB,C,T,H>Y,34,"Cano et al. PNAS, 119:7, 2022"
m_tuberculosis,rpoB,A,C,H>P,1,"Cano et al. PNAS, 119:7, 2022"
m_tuberculosis,rpoB,A,G,H>R,17,"Cano et al. PNAS, 119:7, 2022"
m_tuberculosis,rpoB,A,T,H>L,19,"Cano et al. PNAS, 119:7, 2022"
m_tuberculosis,rpoB,C,A,H>Q,4,"Cano et al. PNAS, 119:7, 2022"
m_tuberculosis,rpoB,C,G,H>Q,1,"Cano et al. PNAS, 119:7, 2022"
m_tuberculosis,rpoB,A,G,K>R,1,"Cano et al. PNAS, 119:7, 2022"
m_tuberculosis,rpoB,T,C,S>P,3,"Cano et al. PNAS, 119:7, 2022"
m_tuberculosis,rpoB,C,G,S>W,16,"Cano et al. PNAS, 119:7, 2022"
m_tuberculosis,rpoB,C,T,S>L,352,"Cano et al. PNAS, 119:7, 2022"
m_tuberculosis,rpoB,T,C,L>P,29,"Cano et al. PNAS, 119:7, 2022"
m_tuberculosis,rpoB,A,C,I>L,1,"Cano et al. PNAS, 119:7, 2022"
m_tuberculosis,rpoB,A,G,I>V,2,"Cano et al. PNAS, 119:7, 2022"
m_tuberculosis,rpoB,A,T,I>F,5,"Cano et al. PNAS, 119:7, 2022"
m_tuberculosis,rpoB,T,C,I>T,1,"Cano et al. PNAS, 119:7, 2022"
m_tuberculosis,rpoB,C,G,I>M,1,"Cano et al. PNAS, 119:7, 2022"
m_tuberculosis,rpoB,T,A,S>T,1,"Cano et al. PNAS, 119:7, 2022"
m_tuberculosis,rpsL,A,G,K>R,156,"Cano et al. PNAS, 119:7, 2022"
m_tuberculosis,rpsL,A,C,K>Q,1,"Cano et al. PNAS, 119:7, 2022"
m_tuberculosis,rpsL,A,C,K>T,3,"Cano et al. PNAS, 119:7, 2022"
m_tuberculosis,rpsL,A,G,K>R,43,"Cano et al. PNAS, 119:7, 2022"
m_tuberculosis,rpsL,A,T,K>M,3,"Cano et al. PNAS, 119:7, 2022"
p_aeruginosa,rpoB,T,C,V150A,9,"MacLean et al. Genetics, 186:4, 2010"
p_aeruginosa,rpoB,A,G,Q152R,4,"MacLean et al. Genetics, 186:4, 2010"
p_aeruginosa,rpoB,A,T,Q152L,37,"MacLean et al. Genetics, 186:4, 2010"
p_aeruginosa,rpoB,C,T,R459C,1,"MacLean et al. Genetics, 186:4, 2010"
p_aeruginosa,rpoB,T,C,F510S,1,"MacLean et al. Genetics, 186:4, 2010"
p_aeruginosa,rpoB,A,C,S514R,1,"MacLean et al. Genetics, 186:4, 2010"
p_aeruginosa,rpoB,T,G,S517A,3,"MacLean et al. Genetics, 186:4, 2010"
p_aeruginosa,rpoB,C,G,S517W,1,"MacLean et al. Genetics, 186:4, 2010"
p_aeruginosa,rpoB,C,T,S517L,14,"MacLean et al. Genetics, 186:4, 2010"
p_aeruginosa,rpoB,A,G,Q518R,4,"MacLean et al. Genetics, 186:4, 2010"
p_aeruginosa,rpoB,A,T,Q518L,3,"MacLean et al. Genetics, 186:4, 2010"
p_aeruginosa,rpoB,G,A,D521N,1,"MacLean et al. Genetics, 186:4, 2010"
p_aeruginosa,rpoB,A,G,D521G,35,"MacLean et al. Genetics, 186:4, 2010"
p_aeruginosa,rpoB,A,T,D521V,1,"MacLean et al. Genetics, 186:4, 2010"
p_aeruginosa,rpoB,C,A,D521E,1,"MacLean et al. Genetics, 186:4, 2010"
p_aeruginosa,rpoB,C,G,D521E,2,"MacLean et al. Genetics, 186:4, 2010"
p_aeruginosa,rpoB,A,G,N523D,2,"MacLean et al. Genetics, 186:4, 2010"
p_aeruginosa,rpoB,C,G,H531D,3,"MacLean et al. Genetics, 186:4, 2010"
p_aeruginosa,rpoB,C,T,H531Y,5,"MacLean et al. Genetics, 186:4, 2010"
p_aeruginosa,rpoB,A,T,H531L,1,"MacLean et al. Genetics, 186:4, 2010"
p_aeruginosa,rpoB,C,A,H531Q,1,"MacLean et al. Genetics, 186:4, 2010"
p_aeruginosa,rpoB,C,T,S536F,2,"MacLean et al. Genetics, 186:4, 2010"
p_aeruginosa,rpoB,C,T,A537V,1,"MacLean et al. Genetics, 186:4, 2010"
p_aeruginosa,rpoB,C,T,P540L,1,"MacLean et al. Genetics, 186:4, 2010"
p_aeruginosa,rpoB,G,A,G541D,1,"MacLean et al. Genetics, 186:4, 2010"
p_aeruginosa,rpoB,G,T,G542C,1,"MacLean et al. Genetics, 186:4, 2010"
p_aeruginosa,rpoB,T,G,V552G,1,"MacLean et al. Genetics, 186:4, 2010"
p_aeruginosa,rpoB,A,G,N573S,1,"MacLean et al. Genetics, 186:4, 2010"
p_aeruginosa,rpoB,G,C,G575A,1,"MacLean et al. Genetics, 186:4, 2010"
p_aeruginosa,rpoB,A,C,I577L,1,"MacLean et al. Genetics, 186:4, 2010"
p_aeruginosa,rpoB,C,T,S579F,4,"MacLean et al. Genetics, 186:4, 2010"
p_falciparum,PF3D7_0103100,T,A,K922N,1,"Cowell et al. Science, 359:6372, 2018"
p_falciparum,PF3D7_0103100,C,G,D936H,1,"Cowell et al. Science, 359:6372, 2018"
p_falciparum,PF3D7_0107500,G,A,S490L,1,"Cowell et al. Science, 359:6372, 2018"
p_falciparum,PF3D7_0107500,A,T,F1436I,1,"Cowell et al. Science, 359:6372, 2018"
p_falciparum,PF3D7_0107500,G,T,A1208E,1,"Cowell et al. Science, 359:6372, 2018"
p_falciparum,PF3D7_0107500,C,T,M398I,1,"Cowell et al. Science, 359:6372, 2018"
p_falciparum,PF3D7_0107500,C,T,A1108T,1,"Cowell et al. Science, 359:6372, 2018"
p_falciparum,PF3D7_0319700,A,G,Y2079C,1,"Cowell et al. Science, 359:6372, 2018"
p_falciparum,PF3D7_0319700,G,C,R2180P,1,"Cowell et al. Science, 359:6372, 2018"
p_falciparum,PF3D7_0319700,C,G,R2180G,1,"Cowell et al. Science, 359:6372, 2018"
p_falciparum,PF3D7_0319700,G,C,R2180P,1,"Cowell et al. Science, 359:6372, 2018"
p_falciparum,PF3D7_0319700,T,A,L690I,1,"Cowell et al. Science, 359:6372, 2018"
p_falciparum,PF3D7_0321900,T,G,L830V,1,"Cowell et al. Science, 359:6372, 2018"
p_falciparum,PF3D7_0321900,G,A,E834K,1,"Cowell et al. Science, 359:6372, 2018"
p_falciparum,PF3D7_0321900,T,C,L1136P,1,"Cowell et al. Science, 359:6372, 2018"
p_falciparum,PF3D7_0321900,T,G,L830V,1,"Cowell et al. Science, 359:6372, 2018"
p_falciparum,PF3D7_0321900,G,A,M81I,1,"Cowell et al. Science, 359:6372, 2018"
p_falciparum,PF3D7_0321900,T,A,L833I,1,"Cowell et al. Science, 359:6372, 2018"
p_falciparum,PF3D7_0321900,G,T,S1076I,1,"Cowell et al. Science, 359:6372, 2018"
p_falciparum,PF3D7_0321900,T,A,L1073Q,1,"Cowell et al. Science, 359:6372, 2018"
p_falciparum,PF3D7_0321900,T,G,L830V,1,"Cowell et al. Science, 359:6372, 2018"
p_falciparum,PF3D7_0321900,G,A,M81I,1,"Cowell et al. Science, 359:6372, 2018"
p_falciparum,PF3D7_0321900,G,T,S1076I,1,"Cowell et al. Science, 359:6372, 2018"
p_falciparum,PF3D7_0321900,C,T,P822L,1,"Cowell et al. Science, 359:6372, 2018"
p_falciparum,PF3D7_0417200,G,A,G378E,1,"Cowell et al. Science, 359:6372, 2018"
p_falciparum,PF3D7_0417200,A,T,I403L,1,"Cowell et al. Science, 359:6372, 2018"
p_falciparum,PF3D7_0417200,C,A,H551N,1,"Cowell et al. Science, 359:6372, 2018"
p_falciparum,PF3D7_0425800,G,A,E391K,1,"Cowell et al. Science, 359:6372, 2018"
p_falciparum,PF3D7_0425800,G,A,R387Q,1,"Cowell et al. Science, 359:6372, 2018"
p_falciparum,PF3D7_0425800,C,G,R387G,1,"Cowell et al. Science, 359:6372, 2018"
p_falciparum,PF3D7_0425800,C,A,L3206M,1,"Cowell et al. Science, 359:6372, 2018"
p_falciparum,PF3D7_0425800,G,T,E3201D,1,"Cowell et al. Science, 359:6372, 2018"
p_falciparum,PF3D7_0509800,T,A,Y1356N,1,"Cowell et al. Science, 359:6372, 2018"
p_falciparum,PF3D7_0509800,A,C,L1418F,1,"Cowell et al. Science, 359:6372, 2018"
p_falciparum,PF3D7_0523000,G,C,G316R,1,"Cowell et al. Science, 359:6372, 2018"
p_falciparum,PF3D7_0523000,G,A,A807T,1,"Cowell et al. Science, 359:6372, 2018"
p_falciparum,PF3D7_0613800,C,G,Q197E,1,"Cowell et al. Science, 359:6372, 2018"
p_falciparum,PF3D7_0614200,C,T,D552N,1,"Cowell et al. Science, 359:6372, 2018"
p_falciparum,PF3D7_0614200,C,T,D552N,1,"Cowell et al. Science, 359:6372, 2018"
p_falciparum,PF3D7_0619300,T,C,I1972V,1,"Cowell et al. Science, 359:6372, 2018"
p_falciparum,PF3D7_0619300,A,T,N1777K,1,"Cowell et al. Science, 359:6372, 2018"
p_falciparum,PF3D7_0629500,C,G,K238N,1,"Cowell et al. Science, 359:6372, 2018"
p_falciparum,PF3D7_0629500,C,G,V185L,1,"Cowell et al. Science, 359:6372, 2018"
p_falciparum,PF3D7_0629500,A,G,F230L,1,"Cowell et al. Science, 359:6372, 2018"
p_falciparum,PF3D7_0629500,G,A,P380S,1,"Cowell et al. Science, 359:6372, 2018"
p_falciparum,PF3D7_0709000,A,C,K76Q,1,"Cowell et al. Science, 359:6372, 2018"
p_falciparum,PF3D7_0709000,C,T,A138V,1,"Cowell et al. Science, 359:6372, 2018"
p_falciparum,PF3D7_0709000,A,C,S65R,1,"Cowell et al. Science, 359:6372, 2018"
p_falciparum,PF3D7_0709000,G,A,S90N,1,"Cowell et al. Science, 359:6372, 2018"
p_falciparum,PF3D7_0709700,A,T,L323H,1,"Cowell et al. Science, 359:6372, 2018"
p_falciparum,PF3D7_0709700,A,G,L357P,1,"Cowell et al. Science, 359:6372, 2018"
p_falciparum,PF3D7_0909700,T,G,L95R,1,"Cowell et al. Science, 359:6372, 2018"
p_falciparum,PF3D7_0909700,G,A,G720E,1,"Cowell et al. Science, 359:6372, 2018"
p_falciparum,PF3D7_1036800,C,T,A94T,1,"Cowell et al. Science, 359:6372, 2018"
p_falciparum,PF3D7_1036800,A,T,S110R,1,"Cowell et al. Science, 359:6372, 2018"
p_falciparum,PF3D7_1036800,A,T,I411N,1,"Cowell et al. Science, 359:6372, 2018"
p_falciparum,PF3D7_1036800,C,T,D165N,1,"Cowell et al. Science, 359:6372, 2018"
p_falciparum,PF3D7_1036800,C,T,G559R,1,"Cowell et al. Science, 359:6372, 2018"
p_falciparum,PF3D7_1036800,C,T,R108K,1,"Cowell et al. Science, 359:6372, 2018"
p_falciparum,PF3D7_1116700,A,G,L437S,1,"Cowell et al. Science, 359:6372, 2018"
p_falciparum,PF3D7_1116700,A,G,L415P,1,"Cowell et al. Science, 359:6372, 2018"
p_falciparum,PF3D7_1116700,T,G,N62H,1,"Cowell et al. Science, 359:6372, 2018"
p_falciparum,PF3D7_1147500,C,T,A515T,1,"Cowell et al. Science, 359:6372, 2018"
p_falciparum,PF3D7_1147500,G,A,A515V,1,"Cowell et al. Science, 359:6372, 2018"
p_falciparum,PF3D7_1150400,A,G,N3023D,1,"Cowell et al. Science, 359:6372, 2018"
p_falciparum,PF3D7_1150400,G,A,G872E,1,"Cowell et al. Science, 359:6372, 2018"
p_falciparum,PF3D7_1150400,G,C,G152A,1,"Cowell et al. Science, 359:6372, 2018"
p_falciparum,PF3D7_1150400,T,C,M174T,1,"Cowell et al. Science, 359:6372, 2018"
p_falciparum,PF3D7_1150400,C,A,F175L,1,"Cowell et al. Science, 359:6372, 2018"
p_falciparum,PF3D7_1211900,T,C,I263V,1,"Cowell et al. Science, 359:6372, 2018"
p_falciparum,PF3D7_1211900,T,C,I203M,1,"Cowell et al. Science, 359:6372, 2018"
p_falciparum,PF3D7_1211900,G,A,A187V,1,"Cowell et al. Science, 359:6372, 2018"
p_falciparum,PF3D7_1211900,T,G,I203L,1,"Cowell et al. Science, 359:6372, 2018"
p_falciparum,PF3D7_1211900,C,T,A211T,1,"Cowell et al. Science, 359:6372, 2018"
p_falciparum,PF3D7_1211900,G,C,P990R,1,"Cowell et al. Science, 359:6372, 2018"
p_falciparum,PF3D7_1229100,C,G,A403P,1,"Cowell et al. Science, 359:6372, 2018"
p_falciparum,PF3D7_1229100,C,T,D976N,1,"Cowell et al. Science, 359:6372, 2018"
p_falciparum,PF3D7_1238800,T,G,F387V,1,"Cowell et al. Science, 359:6372, 2018"
p_falciparum,PF3D7_1238800,G,A,E668K,1,"Cowell et al. Science, 359:6372, 2018"
p_falciparum,PF3D7_1238800,G,T,D648Y,1,"Cowell et al. Science, 359:6372, 2018"
p_falciparum,PF3D7_1447900,T,A,K840N,1,"Cowell et al. Science, 359:6372, 2018"
p_falciparum,PF3D7_1471200,T,G,I596M,1,"Cowell et al. Science, 359:6372, 2018"
p_falciparum,PF3D7_1471200,A,C,K615N,1,"Cowell et al. Science, 359:6372, 2018"
p_falciparum,PF3D7_1471200,G,T,D520Y,1,"Cowell et al. Science, 359:6372, 2018"
p_fluorescens,fuzY,C,G,N96K,1,"Ferguson et al. Genetics, 195:4, 2013"
p_fluorescens,fuzY,G,T,G118W,1,"Ferguson et al. Genetics, 195:4, 2013"
p_fluorescens,fuzY,T,A,Y126N,1,"Ferguson et al. Genetics, 195:4, 2013"
p_fluorescens,fuzY,C,G,N173K,1,"Ferguson et al. Genetics, 195:4, 2013"
p_fluorescens,fuzY,G,T,G207V,1,"Ferguson et al. Genetics, 195:4, 2013"
p_fluorescens,fuzY,C,T,R208C,1,"Ferguson et al. Genetics, 195:4, 2013"
p_fluorescens,fuzY,C,T,R208C,1,"Ferguson et al. Genetics, 195:4, 2013"
p_fluorescens,fuzY,C,T,R208C,1,"Ferguson et al. Genetics, 195:4, 2013"
p_fluorescens,fuzY,A,G,K213R,1,"Ferguson et al. Genetics, 195:4, 2013"
p_fluorescens,fuzY,C,A,A221E,1,"Ferguson et al. Genetics, 195:4, 2013"
p_fluorescens,fuzY,G,A,G238S,1,"Ferguson et al. Genetics, 195:4, 2013"
p_fluorescens,fuzY,T,A,W278R,1,"Ferguson et al. Genetics, 195:4, 2013"
p_fluorescens,fuzY,G,A,G286D,1,"Ferguson et al. Genetics, 195:4, 2013"
p_fluorescens,fuzY,G,A,G286D,1,"Ferguson et al. Genetics, 195:4, 2013"
p_fluorescens,fuzY,G,C,G288R,1,"Ferguson et al. Genetics, 195:4, 2013"
p_fluorescens,fuzY,T,C,L291P,1,"Ferguson et al. Genetics, 195:4, 2013"
p_fluorescens,fuzY,C,A,A316E,1,"Ferguson et al. Genetics, 195:4, 2013"
p_fluorescens,fuzY,G,A,G318D,1,"Ferguson et al. Genetics, 195:4, 2013"
p_fluorescens,wspF,A,C,S301R,1,"McDonald et al. Genetics, 183:3, 2009"
p_fluorescens,mwsR,G,A,E1083K,1,"McDonald et al. Genetics, 183:3, 2009"
p_fluorescens,wspF,T,G,I5S,1,"McDonald et al. Genetics, 183:3, 2009"
p_fluorescens,wspF,G,T,G275C,1,"McDonald et al. Genetics, 183:3, 2009"
p_fluorescens,wspE,A,G,D638G,1,"McDonald et al. Genetics, 183:3, 2009"
p_fluorescens,wspF,G,T,V220L,1,"McDonald et al. Genetics, 183:3, 2009"
p_fluorescens,wspF,C,T,T274I,1,"McDonald et al. Genetics, 183:3, 2009"
p_fluorescens,wspF,C,T,H186Y,1,"McDonald et al. Genetics, 183:3, 2009"
p_fluorescens,wspE,A,C,K734N,1,"McDonald et al. Genetics, 183:3, 2009"
p_fluorescens,wspE,G,T,D638Y,1,"McDonald et al. Genetics, 183:3, 2009"
p_fluorescens,awsO,G,T,G41V,1,"McDonald et al. Genetics, 183:3, 2009"
p_fluorescens,wspF,G,A,G161D,1,"McDonald et al. Genetics, 183:3, 2009"
p_fluorescens,awsR,C,T,S54F,1,"McDonald et al. Genetics, 183:3, 2009"
p_fluorescens,wspF,A,C,S301R,1,"McDonald et al. Genetics, 183:3, 2009"
p_fluorescens,mwsR,T,C,V272A,1,"McDonald et al. Genetics, 183:3, 2009"
p_fluorescens,awsX,T,G,L24R,1,"McDonald et al. Genetics, 183:3, 2009"
p_fluorescens,mwsR,G,A,A1018T,1,"McDonald et al. Genetics, 183:3, 2009"
s_aureus,parC,T,C,E>G,1,"Papkou et al. Nat Comm, 11:3970, 2020"
s_aureus,parC,C,T,E>K,1,"Papkou et al. Nat Comm, 11:3970, 2020"
s_aureus,parC,G,T,S>Y,1,"Papkou et al. Nat Comm, 11:3970, 2020"
s_aureus,parC,C,T,E>K,1,"Papkou et al. Nat Comm, 11:3970, 2020"
s_aureus,parC,C,T,S>F,1,"Papkou et al. Nat Comm, 11:3970, 2020"
s_aureus,parC,C,T,S>F,1,"Papkou et al. Nat Comm, 11:3970, 2020"
s_aureus,parC,G,T,S>Y,1,"Papkou et al. Nat Comm, 11:3970, 2020"
s_aureus,parC,C,T,E>K,1,"Papkou et al. Nat Comm, 11:3970, 2020"
s_aureus,parC,C,T,S>F,1,"Papkou et al. Nat Comm, 11:3970, 2020"
s_aureus,parC,G,A,S>F,1,"Papkou et al. Nat Comm, 11:3970, 2020"
s_aureus,parC,G,A,S>F,1,"Papkou et al. Nat Comm, 11:3970, 2020"
s_aureus,parC,C,T,S>F,1,"Papkou et al. Nat Comm, 11:3970, 2020"
s_aureus,parC,G,T,S>Y,1,"Papkou et al. Nat Comm, 11:3970, 2020"
s_aureus,parE,A,T,N>I,1,"Papkou et al. Nat Comm, 11:3970, 2020"
s_aureus,parC,T,C,E>G,1,"Papkou et al. Nat Comm, 11:3970, 2020"
s_aureus,parC,G,A,E>K,1,"Papkou et al. Nat Comm, 11:3970, 2020"
s_aureus,parC,G,A,S>F,1,"Papkou et al. Nat Comm, 11:3970, 2020"
s_aureus,parC,G,A,S>F,1,"Papkou et al. Nat Comm, 11:3970, 2020"
s_aureus,parC,G,A,S>F,1,"Papkou et al. Nat Comm, 11:3970, 2020"
s_aureus,parC,C,T,S>F,1,"Papkou et al. Nat Comm, 11:3970, 2020"
s_aureus,parC,C,A,S>Y,1,"Papkou et al. Nat Comm, 11:3970, 2020"
s_aureus,gyrA,A,G,S>P,1,"Papkou et al. Nat Comm, 11:3970, 2020"
s_aureus,parC,G,A,S>F,1,"Papkou et al. Nat Comm, 11:3970, 2020"
s_aureus,parC,A,G,E>G,1,"Papkou et al. Nat Comm, 11:3970, 2020"
s_aureus,parC,G,A,S>F,1,"Papkou et al. Nat Comm, 11:3970, 2020"
s_aureus,parC,G,T,S>Y,1,"Papkou et al. Nat Comm, 11:3970, 2020"
s_aureus,parE,A,T,N>I,1,"Papkou et al. Nat Comm, 11:3970, 2020"
s_aureus,parC,G,A,E>K,1,"Papkou et al. Nat Comm, 11:3970, 2020"
s_aureus,parC,C,G,A>P,1,"Papkou et al. Nat Comm, 11:3970, 2020"
s_aureus,parC,G,A,S>N,1,"Papkou et al. Nat Comm, 11:3970, 2020"
s_aureus,parC,G,A,S>F,1,"Papkou et al. Nat Comm, 11:3970, 2020"
s_aureus,parC,G,A,S>F,1,"Papkou et al. Nat Comm, 11:3970, 2020"
s_aureus,parC,G,A,S>F,1,"Papkou et al. Nat Comm, 11:3970, 2020"
s_aureus,parC,C,T,S>F,1,"Papkou et al. Nat Comm, 11:3970, 2020"
s_aureus,parC,C,A,S>Y,1,"Papkou et al. Nat Comm, 11:3970, 2020"
s_aureus,parC,G,T,A>E,1,"Papkou et al. Nat Comm, 11:3970, 2020"
s_aureus,parC,T,C,D>G,1,"Papkou et al. Nat Comm, 11:3970, 2020"
s_aureus,parC,C,T,E>K,1,"Papkou et al. Nat Comm, 11:3970, 2020"
s_aureus,parC,G,A,E>K,1,"Papkou et al. Nat Comm, 11:3970, 2020"
s_aureus,parC,G,A,E>K,1,"Papkou et al. Nat Comm, 11:3970, 2020"
s_aureus,parC,C,T,S>F,1,"Papkou et al. Nat Comm, 11:3970, 2020"
s_aureus,parC,C,T,S>F,1,"Papkou et al. Nat Comm, 11:3970, 2020"
s_aureus,parC,C,T,E>K,1,"Papkou et al. Nat Comm, 11:3970, 2020"
s_aureus,parC,G,T,S>Y,1,"Papkou et al. Nat Comm, 11:3970, 2020"
s_aureus,parE,A,T,N>I,1,"Papkou et al. Nat Comm, 11:3970, 2020"
s_aureus,parC,G,A,S>F,1,"Papkou et al. Nat Comm, 11:3970, 2020"
s_aureus,parC,G,A,S>F,1,"Papkou et al. Nat Comm, 11:3970, 2020"
s_aureus,parC,G,A,S>F,1,"Papkou et al. Nat Comm, 11:3970, 2020"
s_aureus,parC,G,A,E>K,1,"Papkou et al. Nat Comm, 11:3970, 2020"
s_aureus,parC,G,A,E>K,1,"Papkou et al. Nat Comm, 11:3970, 2020"
s_aureus,parC,C,T,E>K,1,"Papkou et al. Nat Comm, 11:3970, 2020"
s_aureus,parC,G,A,S>F,1,"Papkou et al. Nat Comm, 11:3970, 2020"
s_aureus,parC,C,T,S>F,1,"Papkou et al. Nat Comm, 11:3970, 2020"
s_aureus,parC,G,T,A>E,1,"Papkou et al. Nat Comm, 11:3970, 2020"
s_aureus,parC,G,A,S>F,1,"Papkou et al. Nat Comm, 11:3970, 2020"
s_aureus,parC,C,G,A>P,1,"Papkou et al. Nat Comm, 11:3970, 2020"
s_aureus,parC,C,T,E>K,1,"Papkou et al. Nat Comm, 11:3970, 2020"
s_aureus,parC,C,T,E>K,1,"Papkou et al. Nat Comm, 11:3970, 2020"
s_aureus,parC,G,A,E>K,1,"Papkou et al. Nat Comm, 11:3970, 2020"
s_aureus,parE,A,G,W>R,1,"Papkou et al. Nat Comm, 11:3970, 2020"
s_aureus,parC,G,A,S>F,1,"Papkou et al. Nat Comm, 11:3970, 2020"
s_aureus,parC,C,T,S>F,1,"Papkou et al. Nat Comm, 11:3970, 2020"
s_aureus,parC,C,T,S>F,1,"Papkou et al. Nat Comm, 11:3970, 2020"
s_aureus,parC,G,A,S>F,1,"Papkou et al. Nat Comm, 11:3970, 2020"
s_aureus,parC,T,A,E>V,1,"Papkou et al. Nat Comm, 11:3970, 2020"
s_aureus,parC,G,T,S>Y,1,"Papkou et al. Nat Comm, 11:3970, 2020"
s_aureus,parC,G,A,E>K,1,"Papkou et al. Nat Comm, 11:3970, 2020"
s_aureus,parE,A,G,N>D,1,"Papkou et al. Nat Comm, 11:3970, 2020"
s_aureus,parC,C,T,S>F,1,"Papkou et al. Nat Comm, 11:3970, 2020"
s_aureus,parC,G,A,E>K,1,"Papkou et al. Nat Comm, 11:3970, 2020"
s_aureus,parC,C,T,S>F,1,"Papkou et al. Nat Comm, 11:3970, 2020"
s_aureus,parC,G,T,S>Y,1,"Papkou et al. Nat Comm, 11:3970, 2020"
s_aureus,parC,C,A,S>Y,1,"Papkou et al. Nat Comm, 11:3970, 2020"
s_aureus,parC,G,T,S>Y,1,"Papkou et al. Nat Comm, 11:3970, 2020"
s_aureus,parC,G,T,S>Y,1,"Papkou et al. Nat Comm, 11:3970, 2020"
s_aureus,parC,G,T,S>Y,1,"Papkou et al. Nat Comm, 11:3970, 2020"
s_aureus,parC,C,T,E>K,1,"Papkou et al. Nat Comm, 11:3970, 2020"
s_aureus,parC,C,T,S>F,1,"Papkou et al. Nat Comm, 11:3970, 2020"
s_aureus,parC,G,T,S>Y,1,"Papkou et al. Nat Comm, 11:3970, 2020"
s_aureus,parC,C,A,S>Y,1,"Papkou et al. Nat Comm, 11:3970, 2020"
s_aureus,parC,C,T,S>F,1,"Papkou et al. Nat Comm, 11:3970, 2020"
s_aureus,parC,G,A,E>K,1,"Papkou et al. Nat Comm, 11:3970, 2020"
s_aureus,parC,C,T,S>F,1,"Papkou et al. Nat Comm, 11:3970, 2020"
s_aureus,parC,G,A,S>F,1,"Papkou et al. Nat Comm, 11:3970, 2020"
s_aureus,parC,G,A,S>F,1,"Papkou et al. Nat Comm, 11:3970, 2020"
s_aureus,parC,G,T,S>Y,1,"Papkou et al. Nat Comm, 11:3970, 2020"
s_aureus,parE,A,G,N>D,1,"Papkou et al. Nat Comm, 11:3970, 2020"
s_aureus,parC,G,A,E>K,1,"Papkou et al. Nat Comm, 11:3970, 2020"
s_aureus,parC,C,T,S>F,1,"Papkou et al. Nat Comm, 11:3970, 2020"
s_aureus,parC,C,T,E>K,1,"Papkou et al. Nat Comm, 11:3970, 2020"
s_aureus,parC,C,T,S>F,1,"Papkou et al. Nat Comm, 11:3970, 2020"
s_aureus,parC,G,T,S>Y,1,"Papkou et al. Nat Comm, 11:3970, 2020"
s_aureus,parC,C,T,S>F,1,"Papkou et al. Nat Comm, 11:3970, 2020"
s_aureus,parC,C,T,S>F,1,"Papkou et al. Nat Comm, 11:3970, 2020"
s_aureus,parC,G,A,E>K,1,"Papkou et al. Nat Comm, 11:3970, 2020"
s_aureus,parC,C,T,E>K,1,"Papkou et al. Nat Comm, 11:3970, 2020"
s_aureus,parC,C,T,S>F,1,"Papkou et al. Nat Comm, 11:3970, 2020"
s_aureus,parC,G,T,A>E,1,"Papkou et al. Nat Comm, 11:3970, 2020"
s_aureus,parC,C,T,S>F,1,"Papkou et al. Nat Comm, 11:3970, 2020"
s_aureus,parC,G,A,S>F,1,"Papkou et al. Nat Comm, 11:3970, 2020"
s_aureus,parC,G,T,A>E,1,"Papkou et al. Nat Comm, 11:3970, 2020"
s_aureus,parC,C,T,E>K,1,"Papkou et al. Nat Comm, 11:3970, 2020"
s_aureus,parC,G,T,A>E,1,"Papkou et al. Nat Comm, 11:3970, 2020"
s_aureus,parC,G,A,S>F,1,"Papkou et al. Nat Comm, 11:3970, 2020"
s_cerevisiae,CDC43,A,G,Y44C,1,"Ottilie et al. Comm. Biol., 5:128, 2022"
s_cerevisiae,CDC43,T,G,C343W,1,"Ottilie et al. Comm. Biol., 5:128, 2022"
s_cerevisiae,TUB2,C,A,R241S,1,"Ottilie et al. Comm. Biol., 5:128, 2022"
s_cerevisiae,CDC60,T,A,V400D,1,"Ottilie et al. Comm. Biol., 5:128, 2022"
s_cerevisiae,TOP2,G,T,V481F,1,"Ottilie et al. Comm. Biol., 5:128, 2022"
s_cerevisiae,ERG9,G,C,W108S,1,"Ottilie et al. Comm. Biol., 5:128, 2022"
s_cerevisiae,RPL28,A,T,Q38L,1,"Ottilie et al. Comm. Biol., 5:128, 2022"
s_cerevisiae,YRR1,G,T,T623K,1,"Ottilie et al. Comm. Biol., 5:128, 2022"
s_cerevisiae,VMA16,C,A,A75E,1,"Ottilie et al. Comm. Biol., 5:128, 2022"
s_cerevisiae,ERG9,G,C,G154A,1,"Ottilie et al. Comm. Biol., 5:128, 2022"
s_cerevisiae,BCY1,C,A,R275M,1,"Ottilie et al. Comm. Biol., 5:128, 2022"
s_cerevisiae,PMA1,G,T,P339T,1,"Ottilie et al. Comm. Biol., 5:128, 2022"
s_cerevisiae,TUP1,C,A,W470C,1,"Ottilie et al. Comm. Biol., 5:128, 2022"
s_cerevisiae,TUP1,C,A,D471Y,1,"Ottilie et al. Comm. Biol., 5:128, 2022"
s_cerevisiae,VMA16,C,A,A75E,1,"Ottilie et al. Comm. Biol., 5:128, 2022"
s_cerevisiae,ERG12,G,C,W63S,1,"Ottilie et al. Comm. Biol., 5:128, 2022"
s_cerevisiae,ERG9,T,A,Y175N,1,"Ottilie et al. Comm. Biol., 5:128, 2022"
s_cerevisiae,TUP1,C,A,R468I,1,"Ottilie et al. Comm. Biol., 5:128, 2022"
s_cerevisiae,HEM1,A,C,Y444S,1,"Ottilie et al. Comm. Biol., 5:128, 2022"
s_cerevisiae,VMA1,G,T,V35F,1,"Ottilie et al. Comm. Biol., 5:128, 2022"
s_cerevisiae,ERG20,A,G,Y95C,1,"Ottilie et al. Comm. Biol., 5:128, 2022"
s_cerevisiae,ACT1,C,T,R116K,1,"Ottilie et al. Comm. Biol., 5:128, 2022"
s_cerevisiae,BCK1,A,G,T1196A,1,"Ottilie et al. Comm. Biol., 5:128, 2022"
s_cerevisiae,YRR1,C,G,L611F,1,"Ottilie et al. Comm. Biol., 5:128, 2022"
s_cerevisiae,YRR1,C,G,L611F,1,"Ottilie et al. Comm. Biol., 5:128, 2022"
s_cerevisiae,YRR1,C,G,L611F,1,"Ottilie et al. Comm. Biol., 5:128, 2022"
s_cerevisiae,BCK1,G,C,G1262A,1,"Ottilie et al. Comm. Biol., 5:128, 2022"
s_cerevisiae,CYR1,T,G,F1718V,1,"Ottilie et al. Comm. Biol., 5:128, 2022"
s_cerevisiae,PMS1,C,G,N693K,1,"Ottilie et al. Comm. Biol., 5:128, 2022"
s_cerevisiae,VMA9,C,T,TM,1,"Ottilie et al. Comm. Biol., 5:128, 2022"
s_cerevisiae,RSP5,G,T,W359C,1,"Ottilie et al. Comm. Biol., 5:128, 2022"
s_cerevisiae,YRM1,T,A,Y586N,1,"Ottilie et al. Comm. Biol., 5:128, 2022"
s_cerevisiae,YRM1,A,C,T590P,1,"Ottilie et al. Comm. Biol., 5:128, 2022"
s_cerevisiae,TOP1,C,A,G297C,1,"Ottilie et al. Comm. Biol., 5:128, 2022"
s_cerevisiae,YRM1,G,A,E664K,1,"Ottilie et al. Comm. Biol., 5:128, 2022"
s_cerevisiae,YRM1,A,T,N660I,1,"Ottilie et al. Comm. Biol., 5:128, 2022"
s_cerevisiae,YRM1,G,C,A669P,1,"Ottilie et al. Comm. Biol., 5:128, 2022"
s_cerevisiae,YRM1,G,C,G580A,1,"Ottilie et al. Comm. Biol., 5:128, 2022"
s_cerevisiae,YRM1,C,A,Q524K,1,"Ottilie et al. Comm. Biol., 5:128, 2022"
s_cerevisiae,YRM1,C,A,T590N,1,"Ottilie et al. Comm. Biol., 5:128, 2022"
s_cerevisiae,YRR1,A,G,L631P,1,"Ottilie et al. Comm. Biol., 5:128, 2022"
s_cerevisiae,YRR1,G,C,T623R,1,"Ottilie et al. Comm. Biol., 5:128, 2022"
s_cerevisiae,YRR1,G,T,T711N,1,"Ottilie et al. Comm. Biol., 5:128, 2022"
s_cerevisiae,YRM1,C,A,T590N,1,"Ottilie et al. Comm. Biol., 5:128, 2022"
s_cerevisiae,YRM1,G,C,L671F,1,"Ottilie et al. Comm. Biol., 5:128, 2022"
s_cerevisiae,YRM1,C,T,P575L,1,"Ottilie et al. Comm. Biol., 5:128, 2022"
s_cerevisiae,YRM1,A,T,N683I,1,"Ottilie et al. Comm. Biol., 5:128, 2022"
s_cerevisiae,YRM1,G,C,L671F,1,"Ottilie et al. Comm. Biol., 5:128, 2022"
s_cerevisiae,YRM1,G,T,G580V,1,"Ottilie et al. Comm. Biol., 5:128, 2022"
s_cerevisiae,YRR1,G,T,T623K,1,"Ottilie et al. Comm. Biol., 5:128, 2022"
s_cerevisiae,YRM1,G,C,L671F,1,"Ottilie et al. Comm. Biol., 5:128, 2022"
s_cerevisiae,YRM1,G,C,A669P,1,"Ottilie et al. Comm. Biol., 5:128, 2022"
s_cerevisiae,YRM1,C,A,T590N,1,"Ottilie et al. Comm. Biol., 5:128, 2022"
s_cerevisiae,YRM1,G,T,L671F,1,"Ottilie et al. Comm. Biol., 5:128, 2022"
s_cerevisiae,YRM1,G,T,G580C,1,"Ottilie et al. Comm. Biol., 5:128, 2022"
s_cerevisiae,YRM1,G,C,A669P,1,"Ottilie et al. Comm. Biol., 5:128, 2022"
s_cerevisiae,YRM1,G,T,G580V,1,"Ottilie et al. Comm. Biol., 5:128, 2022"
s_cerevisiae,YRM1,G,A,E664K,1,"Ottilie et al. Comm. Biol., 5:128, 2022"
s_cerevisiae,YRR1,G,T,T623K,1,"Ottilie et al. Comm. Biol., 5:128, 2022"
s_cerevisiae,YRR1,G,T,S616Y,1,"Ottilie et al. Comm. Biol., 5:128, 2022"
s_cerevisiae,YRM1,C,G,S578C,1,"Ottilie et al. Comm. Biol., 5:128, 2022"
s_cerevisiae,YRM1,G,T,G580C,1,"Ottilie et al. Comm. Biol., 5:128, 2022"
s_cerevisiae,YRM1,T,C,Y667H,1,"Ottilie et al. Comm. Biol., 5:128, 2022"
s_cerevisiae,YRR1,A,G,I700T,1,"Ottilie et al. Comm. Biol., 5:128, 2022"
s_cerevisiae,YRR1,T,G,R708S,1,"Ottilie et al. Comm. Biol., 5:128, 2022"
s_cerevisiae,TOP2,T,G,V137G,1,"Ottilie et al. Comm. Biol., 5:128, 2022"
s_cerevisiae,TOP2,T,A,I328N,1,"Ottilie et al. Comm. Biol., 5:128, 2022"
s_cerevisiae,TOP2,T,G,M1119R,1,"Ottilie et al. Comm. Biol., 5:128, 2022"
s_cerevisiae,TOP2,C,A,T839N,1,"Ottilie et al. Comm. Biol., 5:128, 2022"
s_cerevisiae,FUR1,G,A,D193N,1,"Ottilie et al. Comm. Biol., 5:128, 2022"
s_cerevisiae,FUR1,G,T,D193Y,1,"Ottilie et al. Comm. Biol., 5:128, 2022"
s_cerevisiae,FUR1,A,G,Y213C,1,"Ottilie et al. Comm. Biol., 5:128, 2022"
s_cerevisiae,FUR1,G,C,A141P,1,"Ottilie et al. Comm. Biol., 5:128, 2022"
s_cerevisiae,YRR1,T,G,E690A,1,"Ottilie et al. Comm. Biol., 5:128, 2022"
s_cerevisiae,YRR1,C,A,V704F,1,"Ottilie et al. Comm. Biol., 5:128, 2022"
s_cerevisiae,ACT1,G,T,F375L,1,"Ottilie et al. Comm. Biol., 5:128, 2022"
s_cerevisiae,PMA1,C,G,G294A,1,"Ottilie et al. Comm. Biol., 5:128, 2022"
s_cerevisiae,PMA1,C,T,G294S,1,"Ottilie et al. Comm. Biol., 5:128, 2022"
s_cerevisiae,PMA1,G,C,N291K,1,"Ottilie et al. Comm. Biol., 5:128, 2022"
s_cerevisiae,YRR1,G,T,T623K,1,"Ottilie et al. Comm. Biol., 5:128, 2022"
s_cerevisiae,PMA1,C,A,G294C,1,"Ottilie et al. Comm. Biol., 5:128, 2022"
s_cerevisiae,YRM1,G,T,G580V,1,"Ottilie et al. Comm. Biol., 5:128, 2022"
s_cerevisiae,TUB2,G,C,L250F,1,"Ottilie et al. Comm. Biol., 5:128, 2022"
s_cerevisiae,YRR1,G,C,T623R,1,"Ottilie et al. Comm. Biol., 5:128, 2022"
s_cerevisiae,YRM1,T,C,Y667H,1,"Ottilie et al. Comm. Biol., 5:128, 2022"
s_cerevisiae,YRM1,C,A,T590N,1,"Ottilie et al. Comm. Biol., 5:128, 2022"
s_cerevisiae,YRM1,G,A,G580S,1,"Ottilie et al. Comm. Biol., 5:128, 2022"
s_cerevisiae,YRR1,G,T,T623K,1,"Ottilie et al. Comm. Biol., 5:128, 2022"
s_cerevisiae,YRR1,A,C,Y787D,1,"Ottilie et al. Comm. Biol., 5:128, 2022"
s_cerevisiae,YRR1,T,G,T711P,1,"Ottilie et al. Comm. Biol., 5:128, 2022"
s_cerevisiae,YRR1,C,G,R708T,1,"Ottilie et al. Comm. Biol., 5:128, 2022"
s_cerevisiae,YRR1,G,T,T696N,1,"Ottilie et al. Comm. Biol., 5:128, 2022"
s_cerevisiae,YRM1,G,T,G580C,1,"Ottilie et al. Comm. Biol., 5:128, 2022"
s_cerevisiae,YRM1,G,C,A669P,1,"Ottilie et al. Comm. Biol., 5:128, 2022"
s_cerevisiae,YRM1,T,C,Y586H,1,"Ottilie et al. Comm. Biol., 5:128, 2022"
s_cerevisiae,YRM1,T,C,L591P,1,"Ottilie et al. Comm. Biol., 5:128, 2022"
s_cerevisiae,YRM1,G,C,G580A,1,"Ottilie et al. Comm. Biol., 5:128, 2022"
s_cerevisiae,YRM1,G,T,R678I,1,"Ottilie et al. Comm. Biol., 5:128, 2022"
s_cerevisiae,YRR1,G,A,L701F,1,"Ottilie et al. Comm. Biol., 5:128, 2022"
s_cerevisiae,YRR1,G,A,T623M,1,"Ottilie et al. Comm. Biol., 5:128, 2022"
s_cerevisiae,YRR1,T,A,L655F,1,"Ottilie et al. Comm. Biol., 5:128, 2022"
s_cerevisiae,YRR1,C,G,W784S,1,"Ottilie et al. Comm. Biol., 5:128, 2022"
s_cerevisiae,YRR1,G,A,L701F,1,"Ottilie et al. Comm. Biol., 5:128, 2022"
s_cerevisiae,YRR1,G,A,S616F,1,"Ottilie et al. Comm. Biol., 5:128, 2022"
s_cerevisiae,YRR1,G,T,T623K,1,"Ottilie et al. Comm. Biol., 5:128, 2022"
s_cerevisiae,YRR1,C,A,V612F,1,"Ottilie et al. Comm. Biol., 5:128, 2022"
s_cerevisiae,YRR1,G,A,S685L,1,"Ottilie et al. Comm. Biol., 5:128, 2022"
s_cerevisiae,YRR1,A,T,F783Y,1,"Ottilie et al. Comm. Biol., 5:128, 2022"
s_cerevisiae,YRR1,T,C,R708G,1,"Ottilie et al. Comm. Biol., 5:128, 2022"
s_cerevisiae,YRR1,G,C,T623R,1,"Ottilie et al. Comm. Biol., 5:128, 2022"
s_cerevisiae,YRR1,A,G,W791R,1,"Ottilie et al. Comm. Biol., 5:128, 2022"
s_cerevisiae,YRR1,A,T,I700N,1,"Ottilie et al. Comm. Biol., 5:128, 2022"
s_cerevisiae,YRR1,A,T,F783I,1,"Ottilie et al. Comm. Biol., 5:128, 2022"
s_cerevisiae,ERG3,T,A,H292Q,1,"Ottilie et al. Comm. Biol., 5:128, 2022"
s_cerevisiae,ERG3,C,A,H288Q,1,"Ottilie et al. Comm. Biol., 5:128, 2022"
s_cerevisiae,CDC60,G,T,V400F,1,"Ottilie et al. Comm. Biol., 5:128, 2022"
s_cerevisiae,CDC60,T,G,M493R,1,"Ottilie et al. Comm. Biol., 5:128, 2022"
s_cerevisiae,CDC60,G,C,R316T,1,"Ottilie et al. Comm. Biol., 5:128, 2022"
s_cerevisiae,YRM1,C,A,T590N,1,"Ottilie et al. Comm. Biol., 5:128, 2022"
s_cerevisiae,YRM1,C,T,H632Y,1,"Ottilie et al. Comm. Biol., 5:128, 2022"
s_cerevisiae,YRM1,G,A,G580S,1,"Ottilie et al. Comm. Biol., 5:128, 2022"
s_cerevisiae,YRM1,G,C,G580A,1,"Ottilie et al. Comm. Biol., 5:128, 2022"
s_cerevisiae,YRM1,G,T,G580C,1,"Ottilie et al. Comm. Biol., 5:128, 2022"
s_cerevisiae,YRM1,A,G,T579A,1,"Ottilie et al. Comm. Biol., 5:128, 2022"
s_cerevisiae,YRM1,G,T,L671F,1,"Ottilie et al. Comm. Biol., 5:128, 2022"
s_cerevisiae,YRM1,C,T,T579I,1,"Ottilie et al. Comm. Biol., 5:128, 2022"
s_cerevisiae,YRM1,G,A,E664K,1,"Ottilie et al. Comm. Biol., 5:128, 2022"
s_cerevisiae,YRM1,A,T,N660Y,1,"Ottilie et al. Comm. Biol., 5:128, 2022"
s_cerevisiae,YRM1,C,A,T590N,1,"Ottilie et al. Comm. Biol., 5:128, 2022"
s_cerevisiae,YRM1,C,A,Q524K,1,"Ottilie et al. Comm. Biol., 5:128, 2022"
s_cerevisiae,PDR5,G,A,A670T,1,"Geck et al. G3, 14:9, 2024"
s_cerevisiae,PDR1,A,G,F1047S,1,"Geck et al. G3, 14:9, 2024"
s_cerevisiae,PDR1,A,T,L268H,1,"Geck et al. G3, 14:9, 2024"
s_cerevisiae,YRR1,T,G,T699P,1,"Geck et al. G3, 14:9, 2024"
s_cerevisiae,PDR1,C,G,G280A,1,"Geck et al. G3, 14:9, 2024"
s_cerevisiae,PDR1,C,G,G280A,1,"Geck et al. G3, 14:9, 2024"
s_cerevisiae,PDR1,G,A,S881L,1,"Geck et al. G3, 14:9, 2024"
s_cerevisiae,PDR1,G,A,S881L,1,"Geck et al. G3, 14:9, 2024"
s_cerevisiae,PDR1,A,T,L1056H,1,"Geck et al. G3, 14:9, 2024"
s_cerevisiae,PDR1,G,A,R821C,1,"Geck et al. G3, 14:9, 2024"
s_cerevisiae,PDR1,C,T,E303K,1,"Geck et al. G3, 14:9, 2024"
s_cerevisiae,PDR1,C,T,G1042R,1,"Geck et al. G3, 14:9, 2024"
s_cerevisiae,PDR1,A,G,F769L,1,"Geck et al. G3, 14:9, 2024"
s_cerevisiae,SKY1,G,A,P390L,1,"Geck et al. G3, 14:9, 2024"
s_cerevisiae,PDR5,C,G,A670G,1,"Geck et al. G3, 14:9, 2024"
s_cerevisiae,SIT4,C,G,T95R,1,"Geck et al. G3, 14:9, 2024"
s_cerevisiae,PDR1,T,G,K540T,1,"Geck et al. G3, 14:9, 2024"
s_cerevisiae,PDR5,G,C,V656L,1,"Geck et al. G3, 14:9, 2024"
s_cerevisiae,SKY1,C,T,E596K,1,"Geck et al. G3, 14:9, 2024"
s_cerevisiae,PDR1,T,G,H751P,1,"Geck et al. G3, 14:9, 2024"
s_cerevisiae,SIT4,T,A,L91Q,1,"Geck et al. G3, 14:9, 2024"
s_cerevisiae,PDR1,A,G,F1039S,1,"Geck et al. G3, 14:9, 2024"
s_cerevisiae,PDR5,A,G,Q1217R,1,"Geck et al. G3, 14:9, 2024"
s_cerevisiae,SIT4,C,G,P47A,1,"Geck et al. G3, 14:9, 2024"
s_cerevisiae,PDR5,G,T,M649I,1,"Geck et al. G3, 14:9, 2024"
s_cerevisiae,SIT4,G,T,R182I,1,"Geck et al. G3, 14:9, 2024"
s_cerevisiae,SIT4,A,T,Q239H,1,"Geck et al. G3, 14:9, 2024"
s_cerevisiae,SKY1,G,A,H560Y,1,"Geck et al. G3, 14:9, 2024"
s_cerevisiae,PDR5,C,G,A670G,1,"Geck et al. G3, 14:9, 2024"
s_cerevisiae,SIT4,C,G,T95R,1,"Geck et al. G3, 14:9, 2024"
s_cerevisiae,PDR1,G,T,T859K,1,"Geck et al. G3, 14:9, 2024"
s_cerevisiae,SKY1,G,C,R190G,1,"Geck et al. G3, 14:9, 2024"
s_cerevisiae,PDR5,A,C,L573F,1,"Geck et al. G3, 14:9, 2024"
s_cerevisiae,SIT4,G,T,V84L,1,"Geck et al. G3, 14:9, 2024"
s_cerevisiae,PDR1,A,C,F482V,1,"Geck et al. G3, 14:9, 2024"
s_cerevisiae,SIT4,G,C,G125R,1,"Geck et al. G3, 14:9, 2024"
s_cerevisiae,PDR1,T,G,M308L,1,"Geck et al. G3, 14:9, 2024"
s_cerevisiae,PDR5,G,T,V813F,1,"Geck et al. G3, 14:9, 2024"
s_cerevisiae,SIT4,G,A,E129K,1,"Geck et al. G3, 14:9, 2024"
s_cerevisiae,PDR1,C,T,E303K,1,"Geck et al. G3, 14:9, 2024"
s_cerevisiae,SKY1,A,T,L603H,1,"Geck et al. G3, 14:9, 2024"
s_cerevisiae,PDR1,C,G,G1042A,1,"Geck et al. G3, 14:9, 2024"
s_cerevisiae,SIT4,C,A,N40K,1,"Geck et al. G3, 14:9, 2024"
s_cerevisiae,PDR1,T,A,N741Y,1,"Geck et al. G3, 14:9, 2024"
s_cerevisiae,PDR5,A,C,H234P,1,"Geck et al. G3, 14:9, 2024"
s_cerevisiae,PDR1,C,G,G280A,1,"Geck et al. G3, 14:9, 2024"
s_cerevisiae,SIT4,G,T,C130F,1,"Geck et al. G3, 14:9, 2024"
s_cerevisiae,PDR1,C,T,E1046K,1,"Geck et al. G3, 14:9, 2024"
s_cerevisiae,SIT4,A,T,L167F,1,"Geck et al. G3, 14:9, 2024"
s_cerevisiae,PDR1,T,C,E1046G,1,"Geck et al. G3, 14:9, 2024"
s_cerevisiae,SIT4,C,T,P47L,1,"Geck et al. G3, 14:9, 2024"
s_cerevisiae,PDR1,A,G,L759S,1,"Geck et al. G3, 14:9, 2024"
s_cerevisiae,SIT4,T,A,L91Q,1,"Geck et al. G3, 14:9, 2024"
s_cerevisiae,PDR1,T,A,N741Y,1,"Geck et al. G3, 14:9, 2024"
s_cerevisiae,PDR5,G,T,Q950H,1,"Geck et al. G3, 14:9, 2024"
s_cerevisiae,SKY1,T,C,E596G,1,"Geck et al. G3, 14:9, 2024"
s_cerevisiae,SIT4,C,G,T95R,1,"Geck et al. G3, 14:9, 2024"
s_cerevisiae,PDR1,G,T,T1043K,1,"Geck et al. G3, 14:9, 2024"
s_cerevisiae,SIT4,C,G,T95R,1,"Geck et al. G3, 14:9, 2024"
s_cerevisiae,PDR1,A,G,L868S,1,"Geck et al. G3, 14:9, 2024"
s_cerevisiae,PDR5,G,C,G657A,1,"Geck et al. G3, 14:9, 2024"
s_cerevisiae,PDR1,C,T,R821H,1,"Geck et al. G3, 14:9, 2024"
s_cerevisiae,PDR5,G,T,A670S,1,"Geck et al. G3, 14:9, 2024"
s_cerevisiae,PDR1,A,G,L868S,1,"Geck et al. G3, 14:9, 2024"
s_cerevisiae,PDR5,C,G,A670G,1,"Geck et al. G3, 14:9, 2024"
s_cerevisiae,PDR1,C,A,V1048F,1,"Geck et al. G3, 14:9, 2024"
s_cerevisiae,PDR5 ,G,C,V656L,1,"Geck et al. G3, 14:9, 2024"
s_cerevisiae,PDR1,G,A,T879M,1,"Geck et al. G3, 14:9, 2024"
s_cerevisiae,PDR5,T,A,I575N,1,"Geck et al. G3, 14:9, 2024"
s_cerevisiae,SIT4,C,G,P47R,1,"Geck et al. G3, 14:9, 2024"
s_cerevisiae,PDR1,C,A,A301S,1,"Geck et al. G3, 14:9, 2024"
s_cerevisiae,PDR5,G,C,G657A,1,"Geck et al. G3, 14:9, 2024"
s_typhimurium,rpsD,G,T,D49Y,1,"Maisnier-Patin et al. Mol. Micro., 46:2, 2002"
s_typhimurium,rpsD,A,T,Q53L,4,"Maisnier-Patin et al. Mol. Micro., 46:2, 2002"
s_typhimurium,rpsD,A,G,N84D,1,"Maisnier-Patin et al. Mol. Micro., 46:2, 2002"
s_typhimurium,rpsD,A,G,N84S,1,"Maisnier-Patin et al. Mol. Micro., 46:2, 2002"
s_typhimurium,rpsD,G,A,T85I,1,"Maisnier-Patin et al. Mol. Micro., 46:2, 2002"
s_typhimurium,rpsD,A,G,E201G,2,"Maisnier-Patin et al. Mol. Micro., 46:2, 2002"
s_typhimurium,rpsD,A,T,E201V,1,"Maisnier-Patin et al. Mol. Micro., 46:2, 2002"
s_typhimurium,rpsD,G,A,S204F,2,"Maisnier-Patin et al. Mol. Micro., 46:2, 2002"
s_typhimurium,rpsE,G,A,A98V,2,"Maisnier-Patin et al. Mol. Micro., 46:2, 2002"
s_typhimurium,rpsE,G,C,G101A,2,"Maisnier-Patin et al. Mol. Micro., 46:2, 2002"
s_typhimurium,rpsE,A,G,T102A,3,"Maisnier-Patin et al. Mol. Micro., 46:2, 2002"
s_typhimurium,rpsE,A,C,I105S,1,"Maisnier-Patin et al. Mol. Micro., 46:2, 2002"
s_typhimurium,rpsE,G,C,G108A,2,"Maisnier-Patin et al. Mol. Micro., 46:2, 2002"
s_typhimurium,rpsE,G,A,G108D,1,"Maisnier-Patin et al. Mol. Micro., 46:2, 2002"
s_typhimurium,rpsE,A,G,V122A,1,"Maisnier-Patin et al. Mol. Micro., 46:2, 2002"
s_typhimurium,rpsE,G,A,T130I,1,"Maisnier-Patin et al. Mol. Micro., 46:2, 2002"
s_typhimurium,rpsL,G,A,R93H,1,"Maisnier-Patin et al. Mol. Micro., 46:2, 2002"
s_typhimurium,rplS,A,G,Q40R,1,"Maisnier-Patin et al. Mol. Micro., 46:2, 2002"
s_typhimurium,rplS,A,T,Q40L,1,"Maisnier-Patin et al. Mol. Micro., 46:2, 2002"
s_typhimurium,rplS,G,C,G104A,1,"Maisnier-Patin et al. Mol. Micro., 46:2, 2002"
t_gondii,alpha_tubulin,A,G,T51A,1,"Ma et al. Genetics, 180:2, 2008"
t_gondii,alpha_tubulin,G,A,V181I,1,"Ma et al. Genetics, 180:2, 2008"
t_gondii,alpha_tubulin,C,T,A273V,1,"Ma et al. Genetics, 180:2, 2008"
t_gondii,alpha_tubulin,A,G,N293D,1,"Ma et al. Genetics, 180:2, 2008"
t_gondii,alpha_tubulin,G,C,S300T,1,"Ma et al. Genetics, 180:2, 2008"
t_gondii,alpha_tubulin,T,C,M313T,1,"Ma et al. Genetics, 180:2, 2008"
t_gondii,alpha_tubulin,C,G,P360A,1,"Ma et al. Genetics, 180:2, 2008"
t_gondii,alpha_tubulin,A,C,T361P,1,"Ma et al. Genetics, 180:2, 2008"
t_gondii,alpha_tubulin,C,G,P364A,1,"Ma et al. Genetics, 180:2, 2008"
t_gondii,alpha_tubulin,C,G,P364R,1,"Ma et al. Genetics, 180:2, 2008"
t_gondii,alpha_tubulin,G,C,G366R,1,"Ma et al. Genetics, 180:2, 2008"
t_gondii,alpha_tubulin,A,T,D367V,1,"Ma et al. Genetics, 180:2, 2008"
t_gondii,alpha_tubulin,C,T,R373C,1,"Ma et al. Genetics, 180:2, 2008"
t_gondii,beta_tubulin,G,A,G34S,1,"Ma et al. Genetics, 180:2, 2008"
t_gondii,beta_tubulin,G,A,G82D,1,"Ma et al. Genetics, 180:2, 2008"
t_gondii,beta_tubulin,C,T,P261S,1,"Ma et al. Genetics, 180:2, 2008"
t_gondii,beta_tubulin,G,T,G269V,1,"Ma et al. Genetics, 180:2, 2008"
t_gondii,beta_tubulin,C,G,L273V,1,"Ma et al. Genetics, 180:2, 2008"
t_gondii,alpha_tubulin,A,G,I93V,1,"Ma et al. Genetics, 180:2, 2008"
t_gondii,alpha_tubulin,G,C,G131R,1,"Ma et al. Genetics, 180:2, 2008"
t_gondii,alpha_tubulin,T,G,S171A,1,"Ma et al. Genetics, 180:2, 2008"
t_gondii,alpha_tubulin,A,G,I209V,1,"Ma et al. Genetics, 180:2, 2008"
t_gondii,alpha_tubulin,C,G,L230V,1,"Ma et al. Genetics, 180:2, 2008"
t_gondii,alpha_tubulin,C,T,P348L,1,"Ma et al. Genetics, 180:2, 2008"
t_gondii,alpha_tubulin,T,G,V371G,1,"Ma et al. Genetics, 180:2, 2008"
t_gondii,alpha_tubulin,T,A,F418I,1,"Ma et al. Genetics, 180:2, 2008"
t_gondii,beta_tubulin,G,C,A18P,1,"Ma et al. Genetics, 180:2, 2008"
t_gondii,beta_tubulin,C,G,P61A,1,"Ma et al. Genetics, 180:2, 2008"
t_gondii,beta_tubulin,A,G,K122E,1,"Ma et al. Genetics, 180:2, 2008"
t_gondii,beta_tubulin,C,G,Q291E,1,"Ma et al. Genetics, 180:2, 2008"
t_gondii,beta_tubulin,C,T,R318C,1,"Ma et al. Genetics, 180:2, 2008"
t_gondii,beta_tubulin,A,C,N337T,1,"Ma et al. Genetics, 180:2, 2008"
t_gondii,beta_tubulin,A,G,M363V,1,"Ma et al. Genetics, 180:2, 2008"
t_gondii,DegP2,G,A,G806E,1,"Rosenberg et al. PNAS, 116:52, 2019"
t_gondii,Ark1,G,T,C274F,1,"Rosenberg et al. PNAS, 116:52, 2019"
t_gondii,DegP2,G,C,E821Q,1,"Rosenberg et al. PNAS, 116:52, 2019"
t_gondii,Ark1,T,C,C274R,1,"Rosenberg et al. PNAS, 116:52, 2019"
