species,amino acid,codon,number,fraction
b_cenocepacia,G,GGG,25043,0.01115
b_cenocepacia,G,GGA,6625,0.00295
b_cenocepacia,G,GGT,15583,0.00694
b_cenocepacia,G,GGC,140048,0.0623299999999999
b_cenocepacia,E,GAG,54199,0.02412
b_cenocepacia,E,GAA,49494,0.02203
b_cenocepacia,D,GAT,34582,0.01539
b_cenocepacia,D,GAC,94547,0.04208
b_cenocepacia,V,GTG,85684,0.03813
b_cenocepacia,V,GTA,5464,0.00243
b_cenocepacia,V,GTT,6619,0.00295
b_cenocepacia,V,GTC,77303,0.0344
b_cenocepacia,A,GCG,186561,0.08303
b_cenocepacia,A,GCA,22912,0.0101999999999999
b_cenocepacia,A,GCT,8224,0.00366
b_cenocepacia,A,GCC,88521,0.0394
b_cenocepacia,R,AGG,2582,0.00115
b_cenocepacia,R,AGA,1410,0.00063
b_cenocepacia,S,AGT,3857,0.00172
b_cenocepacia,S,AGC,34915,0.01554
b_cenocepacia,K,AAG,52310,0.02328
b_cenocepacia,K,AAA,9510,0.00423
b_cenocepacia,N,AAT,10820,0.00482
b_cenocepacia,N,AAC,46998,0.02092
b_cenocepacia,M,ATG,49358,0.02197
b_cenocepacia,I,ATA,1388,0.00062
b_cenocepacia,I,ATT,10619,0.00473
b_cenocepacia,I,ATC,87964,0.03915
b_cenocepacia,T,ACG,75336,0.03353
b_cenocepacia,T,ACA,3605,0.0016
b_cenocepacia,T,ACT,2954,0.00131
b_cenocepacia,T,ACC,41488,0.01846
b_cenocepacia,W,TGG,31400,0.01397
b_cenocepacia,*,TGA,4823,0.00215
b_cenocepacia,C,TGT,2306,0.00103
b_cenocepacia,C,TGC,18353,0.00817
b_cenocepacia,*,TAG,697,0.00031
b_cenocepacia,*,TAA,1399,0.00062
b_cenocepacia,Y,TAT,16263,0.00724
b_cenocepacia,Y,TAC,37741,0.0168
b_cenocepacia,L,TTG,15003,0.0066799999999999
b_cenocepacia,L,TTA,810,0.0003599999999999
b_cenocepacia,F,TTT,8509,0.00379
b_cenocepacia,F,TTC,72766,0.03238
b_cenocepacia,S,TCG,60937,0.02712
b_cenocepacia,S,TCA,2733,0.00122
b_cenocepacia,S,TCT,1824,0.00081
b_cenocepacia,S,TCC,14869,0.00662
b_cenocepacia,R,CGG,33782,0.01503
b_cenocepacia,R,CGA,6638,0.00295
b_cenocepacia,R,CGT,16694,0.00743
b_cenocepacia,R,CGC,104303,0.04642
b_cenocepacia,Q,CAG,62955,0.02802
b_cenocepacia,Q,CAA,12457,0.00554
b_cenocepacia,H,CAT,18213,0.00811
b_cenocepacia,H,CAC,34761,0.01547
b_cenocepacia,L,CTG,120291,0.05353
b_cenocepacia,L,CTA,1937,0.00086
b_cenocepacia,L,CTT,6990,0.00311
b_cenocepacia,L,CTC,82322,0.03664
b_cenocepacia,P,CCG,88557,0.0394099999999999
b_cenocepacia,P,CCA,3204,0.0014299999999999
b_cenocepacia,P,CCT,3764,0.0016799999999999
b_cenocepacia,P,CCC,23158,0.01031
b_subtilis,G,GGG,9094,0.01115
b_subtilis,G,GGA,17743,0.02176
b_subtilis,G,GGT,10566,0.01296
b_subtilis,G,GGC,18967,0.02326
b_subtilis,E,GAG,18429,0.0226
b_subtilis,E,GAA,39217,0.04809
b_subtilis,D,GAT,27108,0.03324
b_subtilis,D,GAC,15485,0.01899
b_subtilis,V,GTG,14105,0.0173
b_subtilis,V,GTA,10638,0.01305
b_subtilis,V,GTT,15193,0.01863
b_subtilis,V,GTC,14067,0.01725
b_subtilis,A,GCG,16176,0.01984
b_subtilis,A,GCA,17205,0.0211
b_subtilis,A,GCT,15150,0.01858
b_subtilis,A,GCC,13433,0.01647
b_subtilis,R,AGG,3341,0.0040999999999999
b_subtilis,R,AGA,8561,0.0105
b_subtilis,S,AGT,5577,0.00684
b_subtilis,S,AGC,11766,0.01443
b_subtilis,K,AAG,16997,0.02084
b_subtilis,K,AAA,39449,0.04838
b_subtilis,N,AAT,18702,0.02293
b_subtilis,N,AAC,14522,0.01781
b_subtilis,M,ATG,21424,0.0262699999999999
b_subtilis,I,ATA,7960,0.00976
b_subtilis,I,ATT,29487,0.03616
b_subtilis,I,ATC,22167,0.02718
b_subtilis,T,ACG,12110,0.01485
b_subtilis,T,ACA,17642,0.02163
b_subtilis,T,ACT,7082,0.00868
b_subtilis,T,ACC,7342,0.009
b_subtilis,W,TGG,8765,0.01075
b_subtilis,*,TGA,621,0.00076
b_subtilis,C,TGT,2939,0.0036
b_subtilis,C,TGC,3472,0.00426
b_subtilis,*,TAG,381,0.00047
b_subtilis,*,TAA,1562,0.0019199999999999
b_subtilis,Y,TAT,18967,0.02326
b_subtilis,Y,TAC,10290,0.01262
b_subtilis,L,TTG,12914,0.01584
b_subtilis,L,TTA,16167,0.0198299999999999
b_subtilis,F,TTT,24450,0.02998
b_subtilis,F,TTC,11677,0.01432
b_subtilis,S,TCG,5266,0.00646
b_subtilis,S,TCA,11874,0.01456
b_subtilis,S,TCT,10320,0.01266
b_subtilis,S,TCC,6766,0.0083
b_subtilis,R,CGG,5664,0.00695
b_subtilis,R,CGA,3537,0.00434
b_subtilis,R,CGT,5903,0.00724
b_subtilis,R,CGC,6720,0.00824
b_subtilis,Q,CAG,15089,0.0185
b_subtilis,Q,CAA,16620,0.02038
b_subtilis,H,CAT,12832,0.01574
b_subtilis,H,CAC,6141,0.00753
b_subtilis,L,CTG,18757,0.023
b_subtilis,L,CTA,3975,0.00487
b_subtilis,L,CTT,17772,0.02179
b_subtilis,L,CTC,8697,0.01067
b_subtilis,P,CCG,13316,0.0163299999999999
b_subtilis,P,CCA,5796,0.00711
b_subtilis,P,CCT,8640,0.0106
b_subtilis,P,CCC,2850,0.0035
c_glutamicum,G,GGG,1702,0.00798
c_glutamicum,G,GGA,3221,0.0150999999999999
c_glutamicum,G,GGT,5096,0.02389
c_glutamicum,G,GGC,6786,0.03181
c_glutamicum,E,GAG,6961,0.03263
c_glutamicum,E,GAA,7066,0.03312
c_glutamicum,D,GAT,6761,0.03169
c_glutamicum,D,GAC,6343,0.02973
c_glutamicum,V,GTG,5228,0.02451
c_glutamicum,V,GTA,1733,0.0081199999999999
c_glutamicum,V,GTT,4572,0.02143
c_glutamicum,V,GTC,4861,0.0227899999999999
c_glutamicum,A,GCG,4631,0.02171
c_glutamicum,A,GCA,7279,0.03412
c_glutamicum,A,GCT,6930,0.0324799999999999
c_glutamicum,A,GCC,5553,0.02603
c_glutamicum,R,AGG,689,0.00323
c_glutamicum,R,AGA,483,0.00226
c_glutamicum,S,AGT,952,0.0044599999999999
c_glutamicum,S,AGC,1909,0.00895
c_glutamicum,K,AAG,5271,0.02471
c_glutamicum,K,AAA,2733,0.01281
c_glutamicum,N,AAT,2039,0.00956
c_glutamicum,N,AAC,4843,0.0226999999999999
c_glutamicum,M,ATG,4491,0.02105
c_glutamicum,I,ATA,401,0.00188
c_glutamicum,I,ATT,4083,0.01914
c_glutamicum,I,ATC,7556,0.03542
c_glutamicum,T,ACG,1862,0.00873
c_glutamicum,T,ACA,1357,0.00636
c_glutamicum,T,ACT,2734,0.01282
c_glutamicum,T,ACC,7000,0.03281
c_glutamicum,W,TGG,2969,0.01392
c_glutamicum,*,TGA,168,0.00079
c_glutamicum,C,TGT,477,0.00224
c_glutamicum,C,TGC,913,0.00428
c_glutamicum,*,TAG,162,0.00076
c_glutamicum,*,TAA,336,0.00157
c_glutamicum,Y,TAT,1576,0.00739
c_glutamicum,Y,TAC,3662,0.01717
c_glutamicum,L,TTG,3369,0.01579
c_glutamicum,L,TTA,928,0.00435
c_glutamicum,F,TTT,2318,0.01087
c_glutamicum,F,TTC,5155,0.02416
c_glutamicum,S,TCG,1541,0.00722
c_glutamicum,S,TCA,1522,0.00713
c_glutamicum,S,TCT,2385,0.0111799999999999
c_glutamicum,S,TCC,4264,0.0199899999999999
c_glutamicum,R,CGG,1607,0.00753
c_glutamicum,R,CGA,1322,0.0062
c_glutamicum,R,CGT,3419,0.01603
c_glutamicum,R,CGC,5205,0.0243999999999999
c_glutamicum,Q,CAG,5064,0.0237399999999999
c_glutamicum,Q,CAA,2174,0.01019
c_glutamicum,H,CAT,1478,0.0069299999999999
c_glutamicum,H,CAC,3222,0.0150999999999999
c_glutamicum,L,CTG,6082,0.02851
c_glutamicum,L,CTA,1187,0.00556
c_glutamicum,L,CTT,3612,0.01693
c_glutamicum,L,CTC,4539,0.02128
c_glutamicum,P,CCG,2160,0.0101199999999999
c_glutamicum,P,CCA,3433,0.01609
c_glutamicum,P,CCT,2320,0.01087
c_glutamicum,P,CCC,1644,0.00771
d_discoideum,G,GGG,1708,0.00087
d_discoideum,G,GGA,17208,0.00875
d_discoideum,G,GGT,72530,0.0368999999999999
d_discoideum,G,GGC,4301,0.00219
d_discoideum,E,GAG,18283,0.0093
d_discoideum,E,GAA,94999,0.04833
d_discoideum,D,GAT,92468,0.04704
d_discoideum,D,GAC,8441,0.00429
d_discoideum,V,GTG,4606,0.00234
d_discoideum,V,GTA,26836,0.01365
d_discoideum,V,GTT,50495,0.02569
d_discoideum,V,GTC,7675,0.0039
d_discoideum,A,GCG,1179,0.0006
d_discoideum,A,GCA,35130,0.01787
d_discoideum,A,GCT,23490,0.0119499999999999
d_discoideum,A,GCC,8326,0.00424
d_discoideum,R,AGG,2498,0.00127
d_discoideum,R,AGA,38946,0.0198099999999999
d_discoideum,S,AGT,44306,0.0225399999999999
d_discoideum,S,AGC,4778,0.00243
d_discoideum,K,AAG,23486,0.0119499999999999
d_discoideum,K,AAA,119303,0.06069
d_discoideum,N,AAT,185686,0.0944599999999999
d_discoideum,N,AAC,21188,0.01078
d_discoideum,M,ATG,32675,0.01662
d_discoideum,I,ATA,36907,0.01878
d_discoideum,I,ATT,99165,0.05045
d_discoideum,I,ATC,23016,0.01171
d_discoideum,T,ACG,1960,0.001
d_discoideum,T,ACA,57700,0.02935
d_discoideum,T,ACT,42828,0.02179
d_discoideum,T,ACC,16614,0.00845
d_discoideum,W,TGG,14947,0.0076
d_discoideum,*,TGA,161,8e-05
d_discoideum,C,TGT,25437,0.01294
d_discoideum,C,TGC,2923,0.00149
d_discoideum,*,TAG,173,8.999999999999999e-05
d_discoideum,*,TAA,3039,0.00155
d_discoideum,Y,TAT,56836,0.02891
d_discoideum,Y,TAC,10455,0.00532
d_discoideum,L,TTG,22644,0.0115199999999999
d_discoideum,L,TTA,108183,0.05504
d_discoideum,F,TTT,60977,0.03102
d_discoideum,F,TTC,28275,0.01438
d_discoideum,S,TCG,4738,0.00241
d_discoideum,S,TCA,99137,0.05043
d_discoideum,S,TCT,30997,0.01577
d_discoideum,S,TCC,8156,0.00415
d_discoideum,R,CGG,110,5.9999999999999995e-05
d_discoideum,R,CGA,951,0.0004799999999999
d_discoideum,R,CGT,14868,0.00756
d_discoideum,R,CGC,140,7.000000000000001e-05
d_discoideum,Q,CAG,3421,0.00174
d_discoideum,Q,CAA,97396,0.04955
d_discoideum,H,CAT,30170,0.0153499999999999
d_discoideum,H,CAC,4825,0.00245
d_discoideum,L,CTG,577,0.00029
d_discoideum,L,CTA,9181,0.00467
d_discoideum,L,CTT,19320,0.00983
d_discoideum,L,CTC,7540,0.0038399999999999
d_discoideum,P,CCG,985,0.0005
d_discoideum,P,CCA,66933,0.03405
d_discoideum,P,CCT,11403,0.0058
d_discoideum,P,CCC,2036,0.00104
e_coli,G,GGG,44,0.00859
e_coli,G,GGA,47,0.0091799999999999
e_coli,G,GGT,109,0.02128
e_coli,G,GGC,171,0.03339
e_coli,E,GAG,94,0.01835
e_coli,E,GAA,224,0.04373
e_coli,D,GAT,194,0.03788
e_coli,D,GAC,105,0.0205
e_coli,V,GTG,135,0.0263599999999999
e_coli,V,GTA,59,0.0115199999999999
e_coli,V,GTT,86,0.01679
e_coli,V,GTC,60,0.01171
e_coli,A,GCG,197,0.03846
e_coli,A,GCA,108,0.02109
e_coli,A,GCT,55,0.01074
e_coli,A,GCC,162,0.03163
e_coli,R,AGG,8,0.00156
e_coli,R,AGA,7,0.00137
e_coli,S,AGT,37,0.00722
e_coli,S,AGC,85,0.0166
e_coli,K,AAG,62,0.0121
e_coli,K,AAA,170,0.03319
e_coli,N,AAT,112,0.02187
e_coli,N,AAC,125,0.0243999999999999
e_coli,M,ATG,127,0.0248
e_coli,I,ATA,19,0.0037099999999999
e_coli,I,ATT,156,0.03046
e_coli,I,ATC,93,0.01816
e_coli,T,ACG,59,0.0115199999999999
e_coli,T,ACA,33,0.00644
e_coli,T,ACT,41,0.008
e_coli,T,ACC,117,0.02284
e_coli,W,TGG,55,0.01074
e_coli,*,TGA,5,0.00098
e_coli,C,TGT,30,0.00586
e_coli,C,TGC,41,0.008
e_coli,*,TAG,0,0.0
e_coli,*,TAA,9,0.00176
e_coli,Y,TAT,86,0.01679
e_coli,Y,TAC,75,0.01464
e_coli,L,TTG,61,0.01191
e_coli,L,TTA,78,0.01523
e_coli,F,TTT,101,0.0197199999999999
e_coli,F,TTC,77,0.01503
e_coli,S,TCG,41,0.008
e_coli,S,TCA,40,0.0078099999999999
e_coli,S,TCT,29,0.00566
e_coli,S,TCC,28,0.00547
e_coli,R,CGG,21,0.0040999999999999
e_coli,R,CGA,22,0.0043
e_coli,R,CGT,108,0.02109
e_coli,R,CGC,133,0.02597
e_coli,Q,CAG,142,0.0277199999999999
e_coli,Q,CAA,62,0.0121
e_coli,H,CAT,81,0.01581
e_coli,H,CAC,67,0.01308
e_coli,L,CTG,240,0.04686
e_coli,L,CTA,27,0.0052699999999999
e_coli,L,CTT,61,0.01191
e_coli,L,CTC,54,0.0105399999999999
e_coli,P,CCG,137,0.02675
e_coli,P,CCA,34,0.00664
e_coli,P,CCT,43,0.0084
e_coli,P,CCC,33,0.00644
l_lactis,G,GGG,1554,0.0069299999999999
l_lactis,G,GGA,4884,0.02179
l_lactis,G,GGT,5216,0.02327
l_lactis,G,GGC,1698,0.00758
l_lactis,E,GAG,2930,0.01307
l_lactis,E,GAA,12323,0.0549799999999999
l_lactis,D,GAT,9134,0.04075
l_lactis,D,GAC,3188,0.01422
l_lactis,V,GTG,1941,0.00866
l_lactis,V,GTA,3147,0.0140399999999999
l_lactis,V,GTT,6197,0.0276499999999999
l_lactis,V,GTC,2287,0.0101999999999999
l_lactis,A,GCG,1453,0.00648
l_lactis,A,GCA,4817,0.02149
l_lactis,A,GCT,5220,0.0232899999999999
l_lactis,A,GCC,2200,0.00982
l_lactis,R,AGG,476,0.00212
l_lactis,R,AGA,2376,0.0106
l_lactis,S,AGT,3738,0.01668
l_lactis,S,AGC,1646,0.00734
l_lactis,K,AAG,3887,0.01734
l_lactis,K,AAA,15066,0.06722
l_lactis,N,AAT,9613,0.04289
l_lactis,N,AAC,3188,0.01422
l_lactis,M,ATG,5220,0.0232899999999999
l_lactis,I,ATA,3395,0.01515
l_lactis,I,ATT,10264,0.04579
l_lactis,I,ATC,3269,0.01458
l_lactis,T,ACG,1661,0.00741
l_lactis,T,ACA,5193,0.02317
l_lactis,T,ACT,4440,0.0198099999999999
l_lactis,T,ACC,1868,0.00833
l_lactis,W,TGG,2268,0.0101199999999999
l_lactis,*,TGA,174,0.00078
l_lactis,C,TGT,913,0.00407
l_lactis,C,TGC,254,0.00113
l_lactis,*,TAG,106,0.00047
l_lactis,*,TAA,498,0.00222
l_lactis,Y,TAT,6849,0.03056
l_lactis,Y,TAC,2239,0.00999
l_lactis,L,TTG,4133,0.01844
l_lactis,L,TTA,7740,0.03453
l_lactis,F,TTT,7524,0.03357
l_lactis,F,TTC,2447,0.01092
l_lactis,S,TCG,865,0.0038599999999999
l_lactis,S,TCA,4619,0.02061
l_lactis,S,TCT,4162,0.01857
l_lactis,S,TCC,907,0.00405
l_lactis,R,CGG,542,0.00242
l_lactis,R,CGA,1457,0.0065
l_lactis,R,CGT,2618,0.01168
l_lactis,R,CGC,806,0.0036
l_lactis,Q,CAG,1620,0.00723
l_lactis,Q,CAA,7462,0.03329
l_lactis,H,CAT,3031,0.0135199999999999
l_lactis,H,CAC,1068,0.0047599999999999
l_lactis,L,CTG,1148,0.00512
l_lactis,L,CTA,2224,0.00992
l_lactis,L,CTT,4805,0.02144
l_lactis,L,CTC,1539,0.00687
l_lactis,P,CCG,613,0.00273
l_lactis,P,CCA,2822,0.01259
l_lactis,P,CCT,2614,0.01166
l_lactis,P,CCC,590,0.00263
m_tuberculosis,G,GGG,25785,0.01914
m_tuberculosis,G,GGA,13412,0.0099499999999999
m_tuberculosis,G,GGT,25324,0.0187899999999999
m_tuberculosis,G,GGC,67879,0.05037
m_tuberculosis,E,GAG,41207,0.03058
m_tuberculosis,E,GAA,21845,0.01621
m_tuberculosis,D,GAT,21284,0.01579
m_tuberculosis,D,GAC,56762,0.04212
m_tuberculosis,V,GTG,53959,0.04004
m_tuberculosis,V,GTA,6436,0.00478
m_tuberculosis,V,GTT,10898,0.00809
m_tuberculosis,V,GTC,44105,0.0327299999999999
m_tuberculosis,A,GCG,65466,0.04858
m_tuberculosis,A,GCA,17379,0.0129
m_tuberculosis,A,GCT,14836,0.0110099999999999
m_tuberculosis,A,GCC,80539,0.05977
m_tuberculosis,R,AGG,4369,0.00324
m_tuberculosis,R,AGA,1777,0.00132
m_tuberculosis,S,AGT,4798,0.00356
m_tuberculosis,S,AGC,19487,0.01446
m_tuberculosis,K,AAG,20247,0.01503
m_tuberculosis,K,AAA,7143,0.0053
m_tuberculosis,N,AAT,7125,0.00529
m_tuberculosis,N,AAC,26700,0.0198099999999999
m_tuberculosis,M,ATG,24812,0.01841
m_tuberculosis,I,ATA,2972,0.00221
m_tuberculosis,I,ATT,8697,0.00645
m_tuberculosis,I,ATC,45700,0.0339099999999999
m_tuberculosis,T,ACG,21103,0.01566
m_tuberculosis,T,ACA,6186,0.0045899999999999
m_tuberculosis,T,ACT,4955,0.00368
m_tuberculosis,T,ACC,47359,0.03515
m_tuberculosis,W,TGG,19824,0.01471
m_tuberculosis,*,TGA,2213,0.00164
m_tuberculosis,C,TGT,2994,0.00222
m_tuberculosis,C,TGC,9014,0.00669
m_tuberculosis,*,TAG,1194,0.00089
m_tuberculosis,*,TAA,636,0.00047
m_tuberculosis,Y,TAT,8217,0.0060999999999999
m_tuberculosis,Y,TAC,19799,0.01469
m_tuberculosis,L,TTG,24111,0.01789
m_tuberculosis,L,TTA,2206,0.00164
m_tuberculosis,F,TTT,8324,0.00618
m_tuberculosis,F,TTC,31382,0.0232899999999999
m_tuberculosis,S,TCG,26090,0.01936
m_tuberculosis,S,TCA,4807,0.00357
m_tuberculosis,S,TCT,2991,0.00222
m_tuberculosis,S,TCC,15542,0.0115299999999999
m_tuberculosis,R,CGG,33291,0.02471
m_tuberculosis,R,CGA,9759,0.00724
m_tuberculosis,R,CGT,11429,0.00848
m_tuberculosis,R,CGC,38368,0.02847
m_tuberculosis,Q,CAG,30644,0.02274
m_tuberculosis,Q,CAA,10926,0.00811
m_tuberculosis,H,CAT,8680,0.00644
m_tuberculosis,H,CAC,21357,0.01585
m_tuberculosis,L,CTG,67850,0.05035
m_tuberculosis,L,CTA,6458,0.00479
m_tuberculosis,L,CTT,7373,0.00547
m_tuberculosis,L,CTC,23375,0.01735
m_tuberculosis,P,CCG,42235,0.03134
m_tuberculosis,P,CCA,8323,0.00618
m_tuberculosis,P,CCT,4614,0.00342
m_tuberculosis,P,CCC,22958,0.01704
p_aeruginosa,G,GGG,10313,0.01206
p_aeruginosa,G,GGA,7965,0.00932
p_aeruginosa,G,GGT,12508,0.01463
p_aeruginosa,G,GGC,35769,0.04184
p_aeruginosa,E,GAG,30608,0.0358
p_aeruginosa,E,GAA,20808,0.02434
p_aeruginosa,D,GAT,17616,0.02061
p_aeruginosa,D,GAC,27110,0.03171
p_aeruginosa,V,GTG,23022,0.02693
p_aeruginosa,V,GTA,6909,0.00808
p_aeruginosa,V,GTT,10572,0.0123699999999999
p_aeruginosa,V,GTC,21197,0.02479
p_aeruginosa,A,GCG,27525,0.0322
p_aeruginosa,A,GCA,11869,0.01388
p_aeruginosa,A,GCT,12059,0.01411
p_aeruginosa,A,GCC,39018,0.04564
p_aeruginosa,R,AGG,3418,0.004
p_aeruginosa,R,AGA,2467,0.00289
p_aeruginosa,S,AGT,5657,0.00662
p_aeruginosa,S,AGC,17357,0.0203
p_aeruginosa,K,AAG,20861,0.0243999999999999
p_aeruginosa,K,AAA,9424,0.01102
p_aeruginosa,N,AAT,8434,0.0098699999999999
p_aeruginosa,N,AAC,16557,0.01937
p_aeruginosa,M,ATG,17365,0.0203099999999999
p_aeruginosa,I,ATA,4044,0.00473
p_aeruginosa,I,ATT,10393,0.01216
p_aeruginosa,I,ATC,25927,0.03033
p_aeruginosa,T,ACG,9281,0.01086
p_aeruginosa,T,ACA,4410,0.00516
p_aeruginosa,T,ACT,5095,0.00596
p_aeruginosa,T,ACC,21487,0.02513
p_aeruginosa,W,TGG,14005,0.01638
p_aeruginosa,*,TGA,1579,0.00185
p_aeruginosa,C,TGT,2220,0.0026
p_aeruginosa,C,TGC,6046,0.00707
p_aeruginosa,*,TAG,445,0.00052
p_aeruginosa,*,TAA,669,0.00078
p_aeruginosa,Y,TAT,9179,0.01074
p_aeruginosa,Y,TAC,14899,0.01743
p_aeruginosa,L,TTG,14532,0.017
p_aeruginosa,L,TTA,3602,0.00421
p_aeruginosa,F,TTT,8804,0.0103
p_aeruginosa,F,TTC,22428,0.02623
p_aeruginosa,S,TCG,11614,0.01359
p_aeruginosa,S,TCA,3911,0.00457
p_aeruginosa,S,TCT,4893,0.0057199999999999
p_aeruginosa,S,TCC,10332,0.01209
p_aeruginosa,R,CGG,10961,0.01282
p_aeruginosa,R,CGA,5077,0.00594
p_aeruginosa,R,CGT,9346,0.01093
p_aeruginosa,R,CGC,27744,0.03245
p_aeruginosa,Q,CAG,27255,0.03188
p_aeruginosa,Q,CAA,9166,0.01072
p_aeruginosa,H,CAT,8032,0.0094
p_aeruginosa,H,CAC,10635,0.01244
p_aeruginosa,L,CTG,47321,0.05535
p_aeruginosa,L,CTA,4622,0.00541
p_aeruginosa,L,CTT,9276,0.01085
p_aeruginosa,L,CTC,17821,0.02085
p_aeruginosa,P,CCG,20244,0.02368
p_aeruginosa,P,CCA,5532,0.00647
p_aeruginosa,P,CCT,5659,0.00662
p_aeruginosa,P,CCC,10004,0.0116999999999999
p_falciparum,G,GGG,2572,0.00316
p_falciparum,G,GGA,16033,0.01971
p_falciparum,G,GGT,14585,0.0179299999999999
p_falciparum,G,GGC,1785,0.00219
p_falciparum,E,GAG,8285,0.01018
p_falciparum,E,GAA,59540,0.0731899999999999
p_falciparum,D,GAT,44761,0.05502
p_falciparum,D,GAC,7412,0.00911
p_falciparum,V,GTG,3278,0.00403
p_falciparum,V,GTA,15727,0.01933
p_falciparum,V,GTT,16063,0.0197399999999999
p_falciparum,V,GTC,2201,0.00271
p_falciparum,A,GCG,1172,0.0014399999999999
p_falciparum,A,GCA,13502,0.0166
p_falciparum,A,GCT,11494,0.01413
p_falciparum,A,GCC,3276,0.00403
p_falciparum,R,AGG,2757,0.00339
p_falciparum,R,AGA,13606,0.01672
p_falciparum,S,AGT,17790,0.02187
p_falciparum,S,AGC,3080,0.00379
p_falciparum,K,AAG,14617,0.01797
p_falciparum,K,AAA,70309,0.08642
p_falciparum,N,AAT,76393,0.0939
p_falciparum,N,AAC,15261,0.01876
p_falciparum,M,ATG,15015,0.01846
p_falciparum,I,ATA,32747,0.04025
p_falciparum,I,ATT,26226,0.03224
p_falciparum,I,ATC,4509,0.00554
p_falciparum,T,ACG,2943,0.00362
p_falciparum,T,ACA,18536,0.02278
p_falciparum,T,ACT,11589,0.01425
p_falciparum,T,ACC,4570,0.00562
p_falciparum,W,TGG,4647,0.00571
p_falciparum,*,TGA,197,0.0002399999999999
p_falciparum,C,TGT,13433,0.01651
p_falciparum,C,TGC,2069,0.00254
p_falciparum,*,TAG,236,0.00029
p_falciparum,*,TAA,1021,0.00126
p_falciparum,Y,TAT,31661,0.03892
p_falciparum,Y,TAC,4170,0.00513
p_falciparum,L,TTG,8213,0.0101
p_falciparum,L,TTA,41059,0.05047
p_falciparum,F,TTT,25698,0.03159
p_falciparum,F,TTC,6041,0.00743
p_falciparum,S,TCG,1987,0.00244
p_falciparum,S,TCA,15954,0.01961
p_falciparum,S,TCT,13361,0.01642
p_falciparum,S,TCC,4843,0.00595
p_falciparum,R,CGG,173,0.0002099999999999
p_falciparum,R,CGA,1750,0.00215
p_falciparum,R,CGT,2808,0.00345
p_falciparum,R,CGC,340,0.0004199999999999
p_falciparum,Q,CAG,2705,0.00332
p_falciparum,Q,CAA,21507,0.02644
p_falciparum,H,CAT,14172,0.01742
p_falciparum,H,CAC,3137,0.0038599999999999
p_falciparum,L,CTG,945,0.00116
p_falciparum,L,CTA,4537,0.00558
p_falciparum,L,CTT,7410,0.00911
p_falciparum,L,CTC,1443,0.00177
p_falciparum,P,CCG,844,0.00104
p_falciparum,P,CCA,14323,0.01761
p_falciparum,P,CCT,8702,0.0107
p_falciparum,P,CCC,2521,0.0031
p_fluorescens,G,GGG,3459,0.01304
p_fluorescens,G,GGA,1100,0.00415
p_fluorescens,G,GGT,4366,0.01646
p_fluorescens,G,GGC,12785,0.04821
p_fluorescens,E,GAG,6872,0.02591
p_fluorescens,E,GAA,7325,0.02762
p_fluorescens,D,GAT,5112,0.01927
p_fluorescens,D,GAC,9464,0.0356799999999999
p_fluorescens,V,GTG,9575,0.0361
p_fluorescens,V,GTA,1672,0.0063
p_fluorescens,V,GTT,1936,0.0073
p_fluorescens,V,GTC,5728,0.0216
p_fluorescens,A,GCG,8613,0.0324799999999999
p_fluorescens,A,GCA,3003,0.01132
p_fluorescens,A,GCT,2858,0.01078
p_fluorescens,A,GCC,14091,0.05313
p_fluorescens,R,AGG,532,0.0020099999999999
p_fluorescens,R,AGA,307,0.00116
p_fluorescens,S,AGT,1746,0.00658
p_fluorescens,S,AGC,6135,0.0231299999999999
p_fluorescens,K,AAG,5674,0.02139
p_fluorescens,K,AAA,3253,0.01227
p_fluorescens,N,AAT,2250,0.00848
p_fluorescens,N,AAC,6407,0.02416
p_fluorescens,M,ATG,6174,0.02328
p_fluorescens,I,ATA,509,0.0019199999999999
p_fluorescens,I,ATT,2896,0.01092
p_fluorescens,I,ATC,8923,0.03364
p_fluorescens,T,ACG,2890,0.0109
p_fluorescens,T,ACA,942,0.0035499999999999
p_fluorescens,T,ACT,1323,0.00499
p_fluorescens,T,ACC,8199,0.03091
p_fluorescens,W,TGG,3750,0.01414
p_fluorescens,*,TGA,422,0.00159
p_fluorescens,C,TGT,672,0.0025299999999999
p_fluorescens,C,TGC,2394,0.00903
p_fluorescens,*,TAG,71,0.00027
p_fluorescens,*,TAA,198,0.00075
p_fluorescens,Y,TAT,2335,0.0088
p_fluorescens,Y,TAC,4733,0.01785
p_fluorescens,L,TTG,5676,0.0214
p_fluorescens,L,TTA,502,0.00189
p_fluorescens,F,TTT,2701,0.01018
p_fluorescens,F,TTC,7085,0.02671
p_fluorescens,S,TCG,3792,0.0143
p_fluorescens,S,TCA,890,0.0033599999999999
p_fluorescens,S,TCT,710,0.00268
p_fluorescens,S,TCC,3119,0.01176
p_fluorescens,R,CGG,2792,0.01053
p_fluorescens,R,CGA,992,0.00374
p_fluorescens,R,CGT,3106,0.01171
p_fluorescens,R,CGC,8280,0.0312199999999999
p_fluorescens,Q,CAG,8652,0.0326199999999999
p_fluorescens,Q,CAA,3784,0.01427
p_fluorescens,H,CAT,2458,0.0092699999999999
p_fluorescens,H,CAC,3973,0.01498
p_fluorescens,L,CTG,16671,0.06286
p_fluorescens,L,CTA,594,0.00224
p_fluorescens,L,CTT,1648,0.00621
p_fluorescens,L,CTC,4436,0.01673
p_fluorescens,P,CCG,6244,0.02354
p_fluorescens,P,CCA,1549,0.00584
p_fluorescens,P,CCT,1570,0.00592
p_fluorescens,P,CCC,3301,0.01245
s_aureus,G,GGG,16,0.00405
s_aureus,G,GGA,37,0.00937
s_aureus,G,GGT,94,0.02382
s_aureus,G,GGC,46,0.01165
s_aureus,E,GAG,56,0.01419
s_aureus,E,GAA,218,0.0552299999999999
s_aureus,D,GAT,191,0.04839
s_aureus,D,GAC,57,0.01444
s_aureus,V,GTG,35,0.00887
s_aureus,V,GTA,55,0.01393
s_aureus,V,GTT,92,0.0233099999999999
s_aureus,V,GTC,29,0.00735
s_aureus,A,GCG,29,0.00735
s_aureus,A,GCA,114,0.02888
s_aureus,A,GCT,77,0.01951
s_aureus,A,GCC,18,0.00456
s_aureus,R,AGG,6,0.00152
s_aureus,R,AGA,53,0.01343
s_aureus,S,AGT,80,0.02027
s_aureus,S,AGC,16,0.00405
s_aureus,K,AAG,52,0.01317
s_aureus,K,AAA,217,0.0549799999999999
s_aureus,N,AAT,173,0.04383
s_aureus,N,AAC,41,0.01039
s_aureus,M,ATG,109,0.02762
s_aureus,I,ATA,80,0.02027
s_aureus,I,ATT,195,0.0494
s_aureus,I,ATC,51,0.01292
s_aureus,T,ACG,31,0.00785
s_aureus,T,ACA,105,0.0266
s_aureus,T,ACT,53,0.01343
s_aureus,T,ACC,10,0.0025299999999999
s_aureus,W,TGG,32,0.00811
s_aureus,*,TGA,3,0.00076
s_aureus,C,TGT,21,0.00532
s_aureus,C,TGC,8,0.0020299999999999
s_aureus,*,TAG,1,0.00025
s_aureus,*,TAA,10,0.0025299999999999
s_aureus,Y,TAT,111,0.02812
s_aureus,Y,TAC,39,0.00988
s_aureus,L,TTG,59,0.01495
s_aureus,L,TTA,246,0.0623299999999999
s_aureus,F,TTT,138,0.03496
s_aureus,F,TTC,29,0.00735
s_aureus,S,TCG,22,0.00557
s_aureus,S,TCA,80,0.02027
s_aureus,S,TCT,66,0.01672
s_aureus,S,TCC,5,0.00127
s_aureus,R,CGG,2,0.00051
s_aureus,R,CGA,23,0.00583
s_aureus,R,CGT,57,0.01444
s_aureus,R,CGC,14,0.0035499999999999
s_aureus,Q,CAG,32,0.00811
s_aureus,Q,CAA,181,0.04586
s_aureus,H,CAT,106,0.02686
s_aureus,H,CAC,17,0.00431
s_aureus,L,CTG,6,0.00152
s_aureus,L,CTA,32,0.00811
s_aureus,L,CTT,38,0.00963
s_aureus,L,CTC,9,0.00228
s_aureus,P,CCG,21,0.00532
s_aureus,P,CCA,58,0.01469
s_aureus,P,CCT,44,0.01115
s_aureus,P,CCC,1,0.00025
s_cerevisiae,G,GGG,39359,0.0060199999999999
s_cerevisiae,G,GGA,71216,0.0109
s_cerevisiae,G,GGT,156109,0.02389
s_cerevisiae,G,GGC,63903,0.0097799999999999
s_cerevisiae,E,GAG,125717,0.01924
s_cerevisiae,E,GAA,297944,0.0456
s_cerevisiae,D,GAT,245641,0.03759
s_cerevisiae,D,GAC,132048,0.02021
s_cerevisiae,V,GTG,70337,0.01076
s_cerevisiae,V,GTA,76927,0.01177
s_cerevisiae,V,GTT,144243,0.02207
s_cerevisiae,V,GTC,76947,0.0117799999999999
s_cerevisiae,A,GCG,40358,0.00618
s_cerevisiae,A,GCA,105910,0.01621
s_cerevisiae,A,GCT,138358,0.02117
s_cerevisiae,A,GCC,82357,0.0126
s_cerevisiae,R,AGG,60289,0.00923
s_cerevisiae,R,AGA,139081,0.02128
s_cerevisiae,S,AGT,92466,0.01415
s_cerevisiae,S,AGC,63726,0.00975
s_cerevisiae,K,AAG,201361,0.03082
s_cerevisiae,K,AAA,273618,0.04187
s_cerevisiae,N,AAT,233124,0.0356799999999999
s_cerevisiae,N,AAC,162199,0.02482
s_cerevisiae,M,ATG,136805,0.02094
s_cerevisiae,I,ATA,116254,0.01779
s_cerevisiae,I,ATT,196893,0.03013
s_cerevisiae,I,ATC,112176,0.01717
s_cerevisiae,T,ACG,52045,0.00796
s_cerevisiae,T,ACA,116084,0.01776
s_cerevisiae,T,ACT,132522,0.02028
s_cerevisiae,T,ACC,83207,0.01273
s_cerevisiae,W,TGG,67789,0.0103699999999999
s_cerevisiae,*,TGA,4447,0.00068
s_cerevisiae,C,TGT,52903,0.0081
s_cerevisiae,C,TGC,31095,0.0047599999999999
s_cerevisiae,*,TAG,3312,0.00051
s_cerevisiae,*,TAA,6913,0.00106
s_cerevisiae,Y,TAT,122728,0.01878
s_cerevisiae,Y,TAC,96596,0.01478
s_cerevisiae,L,TTG,177573,0.02717
s_cerevisiae,L,TTA,170884,0.02615
s_cerevisiae,F,TTT,170666,0.02612
s_cerevisiae,F,TTC,120510,0.01844
s_cerevisiae,S,TCG,55951,0.00856
s_cerevisiae,S,TCA,122028,0.01867
s_cerevisiae,S,TCT,153557,0.0235
s_cerevisiae,S,TCC,92923,0.01422
s_cerevisiae,R,CGG,11351,0.00174
s_cerevisiae,R,CGA,19562,0.00299
s_cerevisiae,R,CGT,41791,0.0064
s_cerevisiae,R,CGC,16993,0.0026
s_cerevisiae,Q,CAG,79121,0.01211
s_cerevisiae,Q,CAA,178251,0.02728
s_cerevisiae,H,CAT,89007,0.0136199999999999
s_cerevisiae,H,CAC,50785,0.00777
s_cerevisiae,L,CTG,68494,0.01048
s_cerevisiae,L,CTA,87619,0.01341
s_cerevisiae,L,CTT,80076,0.01225
s_cerevisiae,L,CTC,35545,0.00544
s_cerevisiae,P,CCG,34597,0.00529
s_cerevisiae,P,CCA,119641,0.01831
s_cerevisiae,P,CCT,88263,0.01351
s_cerevisiae,P,CCC,44309,0.00678
s_typhimurium,G,GGG,17784,0.0120399999999999
s_typhimurium,G,GGA,12841,0.00869
s_typhimurium,G,GGT,25643,0.01736
s_typhimurium,G,GGC,52100,0.03527
s_typhimurium,E,GAG,30586,0.0207
s_typhimurium,E,GAA,52232,0.03536
s_typhimurium,D,GAT,46740,0.03164
s_typhimurium,D,GAC,30060,0.02035
s_typhimurium,V,GTG,37210,0.02519
s_typhimurium,V,GTA,16792,0.01137
s_typhimurium,V,GTT,22914,0.01551
s_typhimurium,V,GTC,26821,0.01816
s_typhimurium,A,GCG,62843,0.04254
s_typhimurium,A,GCA,19160,0.01297
s_typhimurium,A,GCT,18891,0.01279
s_typhimurium,A,GCC,42983,0.0291
s_typhimurium,R,AGG,2422,0.00164
s_typhimurium,R,AGA,3451,0.00234
s_typhimurium,S,AGT,10831,0.00733
s_typhimurium,S,AGC,25762,0.01744
s_typhimurium,K,AAG,16630,0.01126
s_typhimurium,K,AAA,46882,0.03173
s_typhimurium,N,AAT,26263,0.01778
s_typhimurium,N,AAC,29752,0.02014
s_typhimurium,M,ATG,40490,0.02741
s_typhimurium,I,ATA,7886,0.00534
s_typhimurium,I,ATT,43251,0.02928
s_typhimurium,I,ATC,36114,0.02445
s_typhimurium,T,ACG,27756,0.0187899999999999
s_typhimurium,T,ACA,8515,0.0057599999999999
s_typhimurium,T,ACT,9935,0.00673
s_typhimurium,T,ACC,34480,0.02334
s_typhimurium,W,TGG,22479,0.01522
s_typhimurium,*,TGA,1466,0.00099
s_typhimurium,C,TGT,7154,0.00484
s_typhimurium,C,TGC,9817,0.00665
s_typhimurium,*,TAG,452,0.00031
s_typhimurium,*,TAA,2781,0.00188
s_typhimurium,Y,TAT,25288,0.01712
s_typhimurium,Y,TAC,17079,0.01156
s_typhimurium,L,TTG,18352,0.01242
s_typhimurium,L,TTA,19499,0.0132
s_typhimurium,F,TTT,34407,0.0232899999999999
s_typhimurium,F,TTC,22562,0.0152699999999999
s_typhimurium,S,TCG,14062,0.0095199999999999
s_typhimurium,S,TCA,9186,0.00622
s_typhimurium,S,TCT,10665,0.00722
s_typhimurium,S,TCC,14953,0.0101199999999999
s_typhimurium,R,CGG,10266,0.00695
s_typhimurium,R,CGA,5268,0.00357
s_typhimurium,R,CGT,27700,0.01875
s_typhimurium,R,CGC,34474,0.02334
s_typhimurium,Q,CAG,45726,0.03095
s_typhimurium,Q,CAA,18796,0.01272
s_typhimurium,H,CAT,19643,0.0133
s_typhimurium,H,CAC,14171,0.00959
s_typhimurium,L,CTG,79180,0.0536
s_typhimurium,L,CTA,7257,0.00491
s_typhimurium,L,CTT,17442,0.01181
s_typhimurium,L,CTC,15425,0.01044
s_typhimurium,P,CCG,36447,0.02467
s_typhimurium,P,CCA,8501,0.00575
s_typhimurium,P,CCT,10564,0.00715
s_typhimurium,P,CCC,10235,0.0069299999999999
t_gondii,G,GGG,7445,0.01456
t_gondii,G,GGA,10960,0.02144
t_gondii,G,GGT,7472,0.01462
t_gondii,G,GGC,14571,0.0285
t_gondii,E,GAG,20740,0.04057
t_gondii,E,GAA,16733,0.0327299999999999
t_gondii,D,GAT,8332,0.0163
t_gondii,D,GAC,17543,0.03431
t_gondii,V,GTG,10942,0.0214
t_gondii,V,GTA,2912,0.0057
t_gondii,V,GTT,7534,0.01474
t_gondii,V,GTC,13011,0.02545
t_gondii,A,GCG,16097,0.03149
t_gondii,A,GCA,10646,0.02082
t_gondii,A,GCT,10482,0.0205
t_gondii,A,GCC,11555,0.0226
t_gondii,R,AGG,4439,0.00868
t_gondii,R,AGA,6556,0.01282
t_gondii,S,AGT,4744,0.00928
t_gondii,S,AGC,8218,0.01607
t_gondii,K,AAG,15215,0.02976
t_gondii,K,AAA,9398,0.01838
t_gondii,N,AAT,5141,0.01006
t_gondii,N,AAC,9669,0.01891
t_gondii,M,ATG,9365,0.01832
t_gondii,I,ATA,1494,0.00292
t_gondii,I,ATT,6259,0.01224
t_gondii,I,ATC,8912,0.01743
t_gondii,T,ACG,8402,0.01643
t_gondii,T,ACA,6755,0.01321
t_gondii,T,ACT,6273,0.01227
t_gondii,T,ACC,6644,0.013
t_gondii,W,TGG,5509,0.01078
t_gondii,*,TGA,412,0.00081
t_gondii,C,TGT,3686,0.00721
t_gondii,C,TGC,6341,0.0124
t_gondii,*,TAG,223,0.00044
t_gondii,*,TAA,324,0.00063
t_gondii,Y,TAT,2613,0.00511
t_gondii,Y,TAC,7428,0.01453
t_gondii,L,TTG,7403,0.01448
t_gondii,L,TTA,1344,0.00263
t_gondii,F,TTT,6791,0.01328
t_gondii,F,TTC,12771,0.02498
t_gondii,S,TCG,9698,0.0189699999999999
t_gondii,S,TCA,4134,0.00809
t_gondii,S,TCT,10384,0.0203099999999999
t_gondii,S,TCC,7789,0.01524
t_gondii,R,CGG,5150,0.01007
t_gondii,R,CGA,6485,0.01268
t_gondii,R,CGT,4187,0.00819
t_gondii,R,CGC,8952,0.01751
t_gondii,Q,CAG,12518,0.02448
t_gondii,Q,CAA,7006,0.0136999999999999
t_gondii,H,CAT,4055,0.00793
t_gondii,H,CAC,6857,0.01341
t_gondii,L,CTG,12284,0.02403
t_gondii,L,CTA,1964,0.0038399999999999
t_gondii,L,CTT,7666,0.01499
t_gondii,L,CTC,13844,0.02708
t_gondii,P,CCG,8826,0.01726
t_gondii,P,CCA,5298,0.01036
t_gondii,P,CCT,7887,0.01543
t_gondii,P,CCC,6965,0.0136199999999999
