Drug(s),mutation in genomic coordinates,Gene,location in the sequence or promoter,Amino Acid Change,# independent evolutions,# times evolves first,# times evolved first (other drugs could also evolve at same node),total # strains,% of strains,% resistant to that drug that have this mutation,,,,,,,,,,
Isoniazid,2155175:C->G,katG,944,S315T,321,81,302,1684,32%,86.8%,,,,,,,,,,
"Isoniazid, Ethionamide",1673431:C->T,inhA promoter,-15,n/a,127,31,95,342,6%,17.63%,,,,,,,,,,
Rifampicin,761158:C->T,rpoB,1349,S450L,352,21,175,1120,21%,64.2%,,,,,,,,,,
Streptomycin,781690:A->G,rpsL,128,K43R,156,14,120,683,13%,49.1%,,,,,,,,,,
Rifampicin,761098:T->C,rpoB,1289,L430P,27,6,13,36,1%,2.1%,,,,,,,,,,
Streptomycin,4408277:GC->G,gidB,103,1bp deletion,26,5,22,68,1%,4.9%,,,,,,,,,,
Streptomycin,4408264:CG->C,gidB,116,1bp deletion,19,5,12,22,0%,1.6%,,,,,,,,,,
Ofloxacin,7582:A->G,gyrA,281,D94G,93,3,22,145,3%,28.7%,,,,,,,,,,
Rifampicin,761142:C->G,rpoB,1333,H445D,30,3,14,62,1%,3.6%,,,,,,,,,,
Streptomycin,4408028:GC->G,gidB,352,1bp deletion,8,3,7,14,0%,1.0%,,,,,,,,,,
Streptomycin,4408028:G->GC,gidB,352,1bp insertion,3,3,3,3,0%,0.2%,,,,,,,,,,
Kanamycin,1473252:A->G,rrs,1400,n/a,159,2,41,355,7%,73.2%,,,,,,,,,,
Streptomycin,781825:A->G,rpsL,263,K88R,43,2,31,175,3%,12.6%,,,,,,,,,,
Rifampicin,761142:C->T,rpoB,1333,H445Y,34,2,16,43,1%,2.5%,,,,,,,,,,
Streptomycin,1472368:C->T,rrs,516,n/a,33,2,12,274,5%,19.7%,,,,,,,,,,
Rifampicin,761112:G->T,rpoB,1303,D435Y,30,2,15,58,1%,3.3%,,,,,,,,,,
Isoniazid,2155175:C->T,katG,944,S315S,29,2,25,34,1%,1.8%,,,,,,,,,,
Rifampicin,761164:T->C,rpoB,1355,L452P,29,2,16,131,2%,7.5%,,,,,,,,,,
Rifampicin,761143:A->T,rpoB,1334,H445L,19,2,8,27,1%,1.5%,,,,,,,,,,
Streptomycin,4407967:G->A,gidB,413,A138V,9,2,7,14,0%,1.0%,,,,,,,,,,
Rifampicin,760317:G->T,rpoB,508,V170F,9,2,6,10,0%,0.6%,,,,,,,,,,
Streptomycin,4408292:CG->C,gidB,88,1bp deletion,5,2,4,5,0%,0.4%,,,,,,,,,,
Ethambutol,4247607:A->G,embB,916,M306V,150,1,62,468,9%,39.4%,,,,,,,,,,
Ethambutol,4247609:G->A,embB,918,M306I,95,1,41,290,5%,24.4%,,,,,,,,,,
Ofloxacin,7582:A->C,gyrA,281,D94A,44,1,13,71,1%,14.0%,,,,,,,,,,
Ofloxacin,7581:G->A,gyrA,280,D94S,18,1,5,24,0%,4.7%,,,,,,,,,,
Rifampicin,761143:A->G,rpoB,1334,H445R,17,1,6,21,0%,1.2%,,,,,,,,,,
Rifampicin,761158:C->G,rpoB,1349,S450W,16,1,8,26,0%,1.5%,,,,,,,,,,
Ethambutol,4248180:C->A,embB,1489,Q497K,15,1,3,32,1%,2.7%,,,,,,,,,,
Streptomycin,1472757:A->G,rrs,905,n/a,5,1,2,8,0%,0.6%,,,,,,,,,,
Ethionamide,4326896:G->GGC,ethA,756,2 bp insertion,4,1,2,8,0%,2.1%,,,,,,,,,,
Rifampicin,761144:C->A,rpoB,1335,H445Q,4,1,1,4,0%,0.2%,,,,,,,,,,
Streptomycin,4407973:G->C,gidB,407,S136*,3,1,3,3,0%,0.2%,,,,,,,,,,
Isoniazid,2155175:C->A,katG,944,S315I,3,1,3,3,0%,0.2%,,,,,,,,,,
Pyrazinamide,2289037:A->T,pncA,213,H71Q,3,1,2,4,0%,1.1%,,,,,,,,,,
Streptomycin,1472365:A->T,rrs,513,n/a,3,1,3,13,0%,0.9%,,,,,,,,,,
Streptomycin,4407993:GC->G,gidB,387,1bp deletion,2,1,2,35,1%,2.5%,,,,,,,,,,
Streptomycin,4407967:G->T,gidB,413,A138E,2,1,2,2,0%,0.1%,,,,,,,,,,
Streptomycin,4408007:G->A,gidB,373,Q125*,2,1,2,9,0%,0.6%,,,,,,,,,,
Isoniazid,2156100:G->GT,katG,19,1bp insertion,2,1,2,2,0%,0.1%,,,,,,,,,,
Isoniazid,2155553:T->C,katG,566,D189G,2,1,1,2,0%,0.1%,,,,,,,,,,
Rifampicin,761105:A->ATTC,rpoB,1296,3 bp insertion,2,1,1,2,0%,0.1%,,,,,,,,,,
Streptomycin,4407890:CT->C,gidB,490,1bp deletion,1,1,1,2,0%,0.1%,,,,,,,,,,
Streptomycin,4408053:GC->G,gidB,327,1bp deletion,1,1,1,2,0%,0.1%,,,,,,,,,,
Streptomycin,4408238:GC->G,gidB,142,1bp deletion,1,1,1,1,0%,0.1%,,,,,,,,,,
Streptomycin,4408302:CA->C,gidB,78,1bp deletion,1,1,1,1,0%,0.1%,,,,,,,,,,
Streptomycin,4407979:G->A,gidB,401,A134V,1,1,1,1,0%,0.1%,,,,,,,,,,
Streptomycin,4407968:C->A,gidB,412,A138S,1,1,1,1,0%,0.1%,,,,,,,,,,
Streptomycin,4408224:G->T,gidB,156,C52*,1,1,1,1,0%,0.1%,,,,,,,,,,
Streptomycin,4408246:C->T,gidB,134,W45*,1,1,1,1,0%,0.1%,,,,,,,,,,
Isoniazid,2518879:C->T,kasA,757,H253Y,1,1,1,4,0%,0.2%,,,,,,,,,,
Isoniazid,2155423:C->CA,katG,696,1bp insertion,1,1,1,1,0%,0.1%,,,,,,,,,,
Isoniazid,2155485:C->CA,katG,634,1bp insertion,1,1,1,1,0%,0.1%,,,,,,,,,,
Isoniazid,2155745:CCG->C,katG,374,2bp deletion,1,1,1,1,0%,0.1%,,,,,,,,,,
Isoniazid,2154884:C->T,katG,1235,W412*,1,1,1,2,0%,0.1%,,,,,,,,,,
Pyrazinamide,2288908:CG->C,pncA,342,1bp deletion,1,1,1,2,0%,0.5%,,,,,,,,,,
Pyrazinamide,2289097:G->T,pncA,153,H51Q,1,1,1,1,0%,0.3%,,,,,,,,,,
Rifampicin,761282:C->G,rpoB,1473,I491M,1,1,1,1,0%,0.1%,,,,,,,,,,
"Isoniazid, Ethionamide",1673437:G->A,inhA promoter,-9,n/a,1,1,1,1,0%,0.1%,,,,,,,,,,
Ofloxacin,7570:C->T,gyrA,269,A90V,73,0,15,182,3%,36.0%,,,,,,,,,,
Rifampicin,761113:A->T,rpoB,1304,D435V,54,0,28,141,3%,8.1%,,,,,,,,,,
Ethambutol,4248181:A->G,embB,1490,Q497R,43,0,16,123,2%,10.3%,,,,,,,,,,
Streptomycin,1472365:A->C,rrs,513,n/a,39,0,0,136,3%,9.8%,,,,,,,,,,
Kanamycin,2715352:C->T,eis promoter,-10,n/a,31,0,6,75,1%,15.5%,,,,,,,,,,
Pyrazinamide,2289260:T->C,pncA promoter,-11,n/a,31,0,8,43,1%,11.7%,,,,,,,,,,
Ethambutol,4247609:G->C,embB,918,M306I,30,0,13,71,1%,6.0%,,,,,,,,,,
Ethambutol,4247908:G->C,embB,1217,G406A,28,0,11,60,1%,5.0%,,,,,,,,,,
Ethambutol,4247908:G->A,embB,1217,G406D,28,0,6,46,1%,3.9%,,,,,,,,,,
Ofloxacin,7572:T->C,gyrA,271,S91P,24,0,10,32,1%,6.3%,,,,,,,,,,
Ofloxacin,7581:G->T,gyrA,280,D94Y,19,0,8,24,0%,4.7%,,,,,,,,,,
Kanamycin,2715356:G->A,eis promoter,-14,n/a,16,0,5,49,1%,10.1%,,,,,,,,,,
Rifampicin,761113:A->G,rpoB,1304,D435G,13,0,6,85,2%,4.9%,,,,,,,,,,
Rifampicin,761142:C->A,rpoB,1333,H445S,13,0,7,31,1%,1.8%,,,,,,,,,,
Ethambutol,4247907:G->A,embB,1216,G406S,12,0,7,19,0%,1.6%,,,,,,,,,,
Ethambutol,4247607:A->C,embB,916,M306L,12,0,7,20,0%,1.7%,,,,,,,,,,
Ethionamide,4327541:CT->C,ethA,111,1bp deletion,12,0,0,45,1%,12.0%,,,,,,,,,,
Ethambutol,4243368:G->C,embAB promoter,-43,n/a,10,0,5,29,1%,2.4%,,,,,,,,,,
"Isoniazid, Ethionamide",1673438:T->A,inhA promoter,-8,n/a,10,0,2,122,2%,6.3%,,,,,,,,,,
Ethambutol,4249696:A->G,embB,3005,H1002R,9,0,4,10,0%,0.8%,,,,,,,,,,
Ethambutol,4247609:G->T,embB,918,M306I,9,0,5,21,0%,1.8%,,,,,,,,,,
"Isoniazid, Ethionamide",1673438:T->C,inhA promoter,-8,n/a,9,0,3,64,1%,3.3%,,,,,,,,,,
Ofloxacin,7581:G->C,gyrA,280,D94H,8,0,1,11,0%,2.2%,,,,,,,,,,
Isoniazid,1674788:T->C,inhA,581,I194T,8,0,5,30,1%,1.5%,,,,,,,,,,
Streptomycin,1472759:A->C,rrs,907,n/a,8,0,2,8,0%,0.6%,,,,,,,,,,
Pyrazinamide,2288859:C->CCA,pncA,391,2 bp insertion,7,0,1,17,0%,4.6%,,,,,,,,,,
Ethambutol,4243400:C->A,embAB promoter,-11,n/a,6,0,5,10,0%,0.8%,,,,,,,,,,
Ethambutol,4247647:A->C,embB,956,Y319S,6,0,1,18,0%,1.5%,,,,,,,,,,
Ofloxacin,6620:G->A,gyrB,1381,D461S,6,0,2,6,0%,1.2%,,,,,,,,,,
Pyrazinamide,2289260:T->G,pncA promoter,-11,n/a,6,0,3,7,0%,1.9%,,,,,,,,,,
Ofloxacin,7563:G->T,gyrA,262,G88C,5,0,0,5,0%,1.0%,,,,,,,,,,
Isoniazid,2155174:G->T,katG,945,S315R,5,0,1,14,0%,0.7%,,,,,,,,,,
Rifampicin,761280:A->T,rpoB,1471,I491F,5,0,4,28,1%,1.6%,,,,,,,,,,
Rifampicin,761131:C->T,rpoB,1322,S441L,5,0,3,8,0%,0.5%,,,,,,,,,,
Ethambutol,4248181:A->C,embB,1490,Q497P,4,0,0,5,0%,0.4%,,,,,,,,,,
Ethambutol,4247647:A->G,embB,956,Y319C,4,0,4,4,0%,0.3%,,,,,,,,,,
Ethionamide,4326899:G->GC,ethA,753,1bp insertion,4,0,0,4,0%,1.1%,,,,,,,,,,
Ofloxacin,7564:G->C,gyrA,263,G88A,4,0,2,4,0%,0.8%,,,,,,,,,,
Isoniazid,1674269:T->C,inhA,62,I21T,4,0,3,19,0%,1.0%,,,,,,,,,,
Pyrazinamide,2288842:A->AT,pncA,408,1bp insertion,4,0,0,5,0%,1.4%,,,,,,,,,,
Kanamycin,1473335:G->T,rrs,1483,n/a,4,0,0,4,0%,0.8%,,,,,,,,,,
"Isoniazid, Ethionamide",1673429:G->T,inhA promoter,-17,n/a,4,0,2,56,1%,2.9%,,,,,,,,,,
"Isoniazid, Ethionamide",1673438:T->G,inhA promoter,-8,n/a,4,0,3,6,0%,0.3%,,,,,,,,,,
Ethionamide,4326597:GC->G,ethA,1055,1bp deletion,3,0,3,5,0%,1.3%,,,,,,,,,,
Ethionamide,4326641:GA->G,ethA,1011,1bp deletion,3,0,0,32,1%,8.5%,,,,,,,,,,
Ethionamide,4327142:GT->G,ethA,510,1bp deletion,3,0,0,3,0%,0.8%,,,,,,,,,,
Ethionamide,4326223:C->CCT,ethA,1429,2 bp insertion,3,0,0,3,0%,0.8%,,,,,,,,,,
Ofloxacin,6735:A->G,gyrB,1496,S499S,3,0,1,4,0%,0.8%,,,,,,,,,,
Ofloxacin,6735:A->C,gyrB,1496,S499T,3,0,2,4,0%,0.8%,,,,,,,,,,
Isoniazid,2155176:T->C,katG,943,S315G,3,0,2,3,0%,0.2%,,,,,,,,,,
Pyrazinamide,2288858:A->AC,pncA,392,1bp insertion,3,0,3,3,0%,0.8%,,,,,,,,,,
Pyrazinamide,2289099:G->A,pncA,151,H51Y,3,0,0,3,0%,0.8%,,,,,,,,,,
Pyrazinamide,2289039:G->A,pncA,211,H71Y,3,0,1,7,0%,1.9%,,,,,,,,,,
Pyrazinamide,2288790:T->C,pncA,460,R154G,3,0,2,23,0%,6.2%,,,,,,,,,,
Pyrazinamide,2289148:G->C,pncA,102,Y34*,3,0,1,7,0%,1.9%,,,,,,,,,,
Rifampicin,761158:C->A,rpoB,1349,S450*,3,0,1,4,0%,0.2%,,,,,,,,,,
Rifampicin,761157:T->C,rpoB,1348,S450P,3,0,1,4,0%,0.2%,,,,,,,,,,
Streptomycin,781825:A->T,rpsL,263,K88M,3,0,1,3,0%,0.2%,,,,,,,,,,
Streptomycin,781825:A->C,rpsL,263,K88T,3,0,1,6,0%,0.4%,,,,,,,,,,
Ethambutol,4247916:G->C,embB,1225,A409P,2,0,1,6,0%,0.5%,,,,,,,,,,
Ethambutol,4247906:G->C,embB,1215,E405D,2,0,2,6,0%,0.5%,,,,,,,,,,
Ethambutol,4247907:G->T,embB,1216,G406C,2,0,0,3,0%,0.3%,,,,,,,,,,
Ethambutol,4247607:A->T,embB,916,M306L,2,0,2,2,0%,0.2%,,,,,,,,,,
Ethambutol,4248182:G->C,embB,1491,Q497H,2,0,0,3,0%,0.3%,,,,,,,,,,
Ethionamide,4326409:CA->C,ethA,1243,1bp deletion,2,0,1,3,0%,0.8%,,,,,,,,,,
Ethionamide,4326826:AC->A,ethA,826,1bp deletion,2,0,1,3,0%,0.8%,,,,,,,,,,
Ethionamide,4326604:CA->C,ethA,1048,1bp deletion,2,0,1,2,0%,0.5%,,,,,,,,,,
Ethionamide,4326948:TA->T,ethA,704,1bp deletion,2,0,0,6,0%,1.6%,,,,,,,,,,
Ethionamide,4326528:GA->G,ethA,1124,1bp deletion,2,0,0,2,0%,0.5%,,,,,,,,,,
Ethionamide,4327310:GT->G,ethA,342,1bp deletion,2,0,0,2,0%,0.5%,,,,,,,,,,
Ethionamide,4326979:G->GC,ethA,673,1bp insertion,2,0,1,4,0%,1.1%,,,,,,,,,,
Ethionamide,4326895:A->AG,ethA,757,1bp insertion,2,0,0,2,0%,0.5%,,,,,,,,,,
Ethionamide,4326978:A->AGC,ethA,674,2 bp insertion,2,0,1,2,0%,0.5%,,,,,,,,,,
Ethionamide,4327582:G->A,ethA,70,Q24*,2,0,1,2,0%,0.5%,,,,,,,,,,
Ethionamide,4326479:C->T,ethA,1173,W391*,2,0,1,5,0%,1.3%,,,,,,,,,,
Ofloxacin,6734:A->G,gyrB,1495,S499D,2,0,2,2,0%,0.4%,,,,,,,,,,
Isoniazid,2155224:C->T,katG,895,G299S,2,0,2,2,0%,0.1%,,,,,,,,,,
Isoniazid,2155655:T->C,katG,464,Y155C,2,0,2,3,0%,0.2%,,,,,,,,,,
Pyrazinamide,2288754:CG->C,pncA,496,1bp deletion,2,0,1,2,0%,0.5%,,,,,,,,,,
Pyrazinamide,2289016:G->GC,pncA,234,1bp insertion,2,0,1,2,0%,0.5%,,,,,,,,,,
Pyrazinamide,2288732:T->TC,pncA,518,1bp insertion,2,0,0,52,1%,14.1%,,,,,,,,,,
Pyrazinamide,2288721:T->TGCGC,pncA,529,4 bp insertion,2,0,1,3,0%,0.8%,,,,,,,,,,
Pyrazinamide,2288855:CCGACCACAT->C,pncA,395,9 bp deletion,2,0,1,2,0%,0.5%,,,,,,,,,,
Pyrazinamide,2289099:G->C,pncA,151,H51D,2,0,1,3,0%,0.8%,,,,,,,,,,
Pyrazinamide,2289038:T->C,pncA,212,H71R,2,0,0,7,0%,1.9%,,,,,,,,,,
Pyrazinamide,2288831:C->G,pncA,419,R140P,2,0,0,3,0%,0.8%,,,,,,,,,,
Pyrazinamide,2288941:G->C,pncA,309,Y103*,2,0,0,2,0%,0.5%,,,,,,,,,,
Rifampicin,761113:A->C,rpoB,1304,D435A,2,0,1,2,0%,0.1%,,,,,,,,,,
Rifampicin,761280:A->G,rpoB,1471,I491V,2,0,0,2,0%,0.1%,,,,,,,,,,
Rifampicin,761098:T->G,rpoB,1289,L430R,2,0,1,6,0%,0.3%,,,,,,,,,,
Rifampicin,761109:A->G,rpoB,1300,M434V,2,0,1,2,0%,0.1%,,,,,,,,,,
Rifampicin,761103:C->A,rpoB,1294,Q432K,2,0,1,3,0%,0.2%,,,,,,,,,,
Rifampicin,761104:A->T,rpoB,1295,Q432L,2,0,2,6,0%,0.3%,,,,,,,,,,
Rifampicin,761100:A->G,rpoB,1291,S431G,2,0,0,2,0%,0.1%,,,,,,,,,,
Kanamycin,1473253:C->T,rrs,1401,n/a,2,0,1,2,0%,0.4%,,,,,,,,,,
Kanamycin,2715352:C->G,eis promoter,-10,n/a,1,0,0,1,0%,0.2%,,,,,,,,,,
Ethambutol,4243400:C->T,embAB promoter,-11,n/a,1,0,0,2,0%,0.2%,,,,,,,,,,
Ethambutol,4247646:T->G,embB,955,Y319D,1,0,1,1,0%,0.1%,,,,,,,,,,
Ethionamide,4326427:TGTAATTCAAC->T,ethA,1225,10 bp deletion,1,0,1,2,0%,0.5%,,,,,,,,,,
Ethionamide,4327262:G->GGTGAGGGCGC,ethA,390,10 bp insertion,1,0,1,1,0%,0.3%,,,,,,,,,,
Ethionamide,4326877:GC->G,ethA,775,1bp deletion,1,0,1,2,0%,0.5%,,,,,,,,,,
Ethionamide,4326308:CT->C,ethA,1344,1bp deletion,1,0,1,1,0%,0.3%,,,,,,,,,,
Ethionamide,4326571:CT->C,ethA,1081,1bp deletion,1,0,1,1,0%,0.3%,,,,,,,,,,
Ethionamide,4326697:GT->G,ethA,955,1bp deletion,1,0,1,1,0%,0.3%,,,,,,,,,,
Ethionamide,4326755:GC->G,ethA,897,1bp deletion,1,0,1,1,0%,0.3%,,,,,,,,,,
Ethionamide,4326996:TC->T,ethA,656,1bp deletion,1,0,1,1,0%,0.3%,,,,,,,,,,
Ethionamide,4327343:CT->C,ethA,309,1bp deletion,1,0,1,1,0%,0.3%,,,,,,,,,,
Ethionamide,4326265:GT->G,ethA,1387,1bp deletion,1,0,0,51,1%,13.6%,,,,,,,,,,
Ethionamide,4326883:GC->G,ethA,769,1bp deletion,1,0,0,22,0%,5.9%,,,,,,,,,,
Ethionamide,4327172:CG->C,ethA,480,1bp deletion,1,0,0,19,0%,5.1%,,,,,,,,,,
Ethionamide,4326725:CT->C,ethA,927,1bp deletion,1,0,0,5,0%,1.3%,,,,,,,,,,
Ethionamide,4326758:GT->G,ethA,894,1bp deletion,1,0,0,2,0%,0.5%,,,,,,,,,,
Ethionamide,4327503:TA->T,ethA,149,1bp deletion,1,0,0,2,0%,0.5%,,,,,,,,,,
Ethionamide,4327511:CA->C,ethA,141,1bp deletion,1,0,0,2,0%,0.5%,,,,,,,,,,
Ethionamide,4327619:GC->G,ethA,33,1bp deletion,1,0,0,2,0%,0.5%,,,,,,,,,,
Ethionamide,4326298:GC->G,ethA,1354,1bp deletion,1,0,0,1,0%,0.3%,,,,,,,,,,
Ethionamide,4326448:CA->C,ethA,1204,1bp deletion,1,0,0,1,0%,0.3%,,,,,,,,,,
Ethionamide,4326470:CT->C,ethA,1182,1bp deletion,1,0,0,1,0%,0.3%,,,,,,,,,,
Ethionamide,4326547:AG->A,ethA,1105,1bp deletion,1,0,0,1,0%,0.3%,,,,,,,,,,
Ethionamide,4326671:CA->C,ethA,981,1bp deletion,1,0,0,1,0%,0.3%,,,,,,,,,,
Ethionamide,4326741:GC->G,ethA,911,1bp deletion,1,0,0,1,0%,0.3%,,,,,,,,,,
Ethionamide,4326765:AC->A,ethA,887,1bp deletion,1,0,0,1,0%,0.3%,,,,,,,,,,
Ethionamide,4326767:CA->C,ethA,885,1bp deletion,1,0,0,1,0%,0.3%,,,,,,,,,,
Ethionamide,4326787:AG->A,ethA,865,1bp deletion,1,0,0,1,0%,0.3%,,,,,,,,,,
Ethionamide,4326791:GT->G,ethA,861,1bp deletion,1,0,0,1,0%,0.3%,,,,,,,,,,
Ethionamide,4327246:GA->G,ethA,406,1bp deletion,1,0,0,1,0%,0.3%,,,,,,,,,,
Ethionamide,4327422:TC->T,ethA,230,1bp deletion,1,0,0,1,0%,0.3%,,,,,,,,,,
Ethionamide,4327521:GT->G,ethA,131,1bp deletion,1,0,0,1,0%,0.3%,,,,,,,,,,
Ethionamide,4326782:G->GT,ethA,870,1bp insertion,1,0,1,21,0%,5.6%,,,,,,,,,,
Ethionamide,4326246:C->CG,ethA,1406,1bp insertion,1,0,1,5,0%,1.3%,,,,,,,,,,
Ethionamide,4326261:T->TC,ethA,1391,1bp insertion,1,0,1,1,0%,0.3%,,,,,,,,,,
Ethionamide,4326344:T->TG,ethA,1308,1bp insertion,1,0,1,1,0%,0.3%,,,,,,,,,,
Ethionamide,4326348:G->GT,ethA,1304,1bp insertion,1,0,1,1,0%,0.3%,,,,,,,,,,
Ethionamide,4326755:G->GC,ethA,897,1bp insertion,1,0,1,1,0%,0.3%,,,,,,,,,,
Ethionamide,4327031:G->GC,ethA,621,1bp insertion,1,0,1,1,0%,0.3%,,,,,,,,,,
Ethionamide,4327193:G->GC,ethA,459,1bp insertion,1,0,1,1,0%,0.3%,,,,,,,,,,
Ethionamide,4327522:T->TG,ethA,130,1bp insertion,1,0,1,1,0%,0.3%,,,,,,,,,,
Ethionamide,4326260:G->GT,ethA,1392,1bp insertion,1,0,0,4,0%,1.1%,,,,,,,,,,
Ethionamide,4327640:G->GT,ethA,12,1bp insertion,1,0,0,2,0%,0.5%,,,,,,,,,,
Ethionamide,4326359:G->GA,ethA,1293,1bp insertion,1,0,0,1,0%,0.3%,,,,,,,,,,
Ethionamide,4326383:G->GC,ethA,1269,1bp insertion,1,0,0,1,0%,0.3%,,,,,,,,,,
Ethionamide,4326458:C->CA,ethA,1194,1bp insertion,1,0,0,1,0%,0.3%,,,,,,,,,,
Ethionamide,4326787:A->AG,ethA,865,1bp insertion,1,0,0,1,0%,0.3%,,,,,,,,,,
Ethionamide,4326826:A->AC,ethA,826,1bp insertion,1,0,0,1,0%,0.3%,,,,,,,,,,
Ethionamide,4326881:T->TG,ethA,771,1bp insertion,1,0,0,1,0%,0.3%,,,,,,,,,,
Ethionamide,4327269:G->GC,ethA,383,1bp insertion,1,0,0,1,0%,0.3%,,,,,,,,,,
Ethionamide,4327409:G->GT,ethA,243,1bp insertion,1,0,0,1,0%,0.3%,,,,,,,,,,
Ethionamide,4327495:T->TA,ethA,157,1bp insertion,1,0,0,1,0%,0.3%,,,,,,,,,,
Ethionamide,4326629:T->TGC,ethA,1023,2 bp insertion,1,0,1,1,0%,0.3%,,,,,,,,,,
Ethionamide,4327071:A->AGC,ethA,581,2 bp insertion,1,0,1,1,0%,0.3%,,,,,,,,,,
Ethionamide,4327447:A->AGG,ethA,205,2 bp insertion,1,0,1,1,0%,0.3%,,,,,,,,,,
Ethionamide,4326299:C->CGA,ethA,1353,2 bp insertion,1,0,0,1,0%,0.3%,,,,,,,,,,
Ethionamide,4326474:A->AGC,ethA,1178,2 bp insertion,1,0,0,1,0%,0.3%,,,,,,,,,,
Ethionamide,4326859:G->GGA,ethA,793,2 bp insertion,1,0,0,1,0%,0.3%,,,,,,,,,,
Ethionamide,4326951:G->GCC,ethA,701,2 bp insertion,1,0,0,1,0%,0.3%,,,,,,,,,,
Ethionamide,4327011:GAC->G,ethA,641,2bp deletion,1,0,1,2,0%,0.5%,,,,,,,,,,
Ethionamide,4326883:GCC->G,ethA,769,2bp deletion,1,0,0,1,0%,0.3%,,,,,,,,,,
Ethionamide,4326457:A->ACAC,ethA,1195,3 bp insertion,1,0,1,21,0%,5.6%,,,,,,,,,,
Ethionamide,4327512:AAATC->A,ethA,140,4 bp deletion,1,0,0,1,0%,0.3%,,,,,,,,,,
Ethionamide,4326429:T->TAATTC,ethA,1223,5 bp insertion,1,0,1,1,0%,0.3%,,,,,,,,,,
Ethionamide,4326874:T->TGCGCC,ethA,778,5 bp insertion,1,0,1,1,0%,0.3%,,,,,,,,,,
Ethionamide,4327370:G->GATTCC,ethA,282,5 bp insertion,1,0,1,1,0%,0.3%,,,,,,,,,,
Ethionamide,4326837:A->AGCTGGC,ethA,815,6 bp insertion,1,0,0,1,0%,0.3%,,,,,,,,,,
Ethionamide,4327031:G->GCGCTGCAGC,ethA,621,9 bp insertion,1,0,1,2,0%,0.5%,,,,,,,,,,
Ethionamide,4327498:C->A,ethA,154,G52*,1,0,0,1,0%,0.3%,,,,,,,,,,
Ethionamide,4327054:T->A,ethA,598,K200*,1,0,1,1,0%,0.3%,,,,,,,,,,
Ethionamide,4326868:T->A,ethA,784,K262*,1,0,1,1,0%,0.3%,,,,,,,,,,
Ethionamide,4326727:T->A,ethA,925,K309*,1,0,0,2,0%,0.5%,,,,,,,,,,
Ethionamide,4327396:T->A,ethA,256,K86*,1,0,1,1,0%,0.3%,,,,,,,,,,
Ethionamide,4326438:A->T,ethA,1214,L405*,1,0,0,1,0%,0.3%,,,,,,,,,,
Ethionamide,4327159:G->A,ethA,493,Q165*,1,0,0,1,0%,0.3%,,,,,,,,,,
Ethionamide,4327036:G->A,ethA,616,Q206*,1,0,0,4,0%,1.1%,,,,,,,,,,
Ethionamide,4326892:G->A,ethA,760,Q254*,1,0,0,1,0%,0.3%,,,,,,,,,,
Ethionamide,4326841:G->A,ethA,811,Q271*,1,0,1,1,0%,0.3%,,,,,,,,,,
Ethionamide,4326613:G->A,ethA,1039,Q347*,1,0,0,2,0%,0.5%,,,,,,,,,,
Ethionamide,4327325:C->T,ethA,327,W109*,1,0,0,5,0%,1.3%,,,,,,,,,,
Ethionamide,4327589:C->T,ethA,63,W21*,1,0,0,1,0%,0.3%,,,,,,,,,,
Ethionamide,4326933:C->T,ethA,719,W240*,1,0,1,1,0%,0.3%,,,,,,,,,,
Ethionamide,4326885:C->T,ethA,767,W256*,1,0,0,14,0%,3.7%,,,,,,,,,,
Ethionamide,4326480:C->T,ethA,1172,W391*,1,0,0,1,0%,0.3%,,,,,,,,,,
Ethionamide,4327518:C->T,ethA,134,W45*,1,0,0,2,0%,0.5%,,,,,,,,,,
Ethionamide,4327445:C->T,ethA,207,W69*,1,0,0,1,0%,0.3%,,,,,,,,,,
Ethionamide,4327223:G->T,ethA,429,Y143*,1,0,0,1,0%,0.3%,,,,,,,,,,
Ethionamide,4327211:G->C,ethA,441,Y147*,1,0,0,3,0%,0.8%,,,,,,,,,,
Ethionamide,4326338:G->C,ethA,1314,Y438*,1,0,1,1,0%,0.3%,,,,,,,,,,
Ethionamide,4327472:G->T,ethA,180,Y60*,1,0,1,2,0%,0.5%,,,,,,,,,,
Streptomycin,4408272:CA->C,gidB,108,1bp deletion,1,0,1,10,0%,0.7%,,,,,,,,,,
Streptomycin,4407834:GC->G,gidB,546,1bp deletion,1,0,1,6,0%,0.4%,,,,,,,,,,
Streptomycin,4408327:AG->A,gidB,53,1bp deletion,1,0,1,5,0%,0.4%,,,,,,,,,,
Streptomycin,4407966:CG->C,gidB,414,1bp deletion,1,0,1,1,0%,0.1%,,,,,,,,,,
Streptomycin,4407992:CG->C,gidB,388,1bp deletion,1,0,1,1,0%,0.1%,,,,,,,,,,
Streptomycin,4408331:CA->C,gidB,49,1bp deletion,1,0,1,1,0%,0.1%,,,,,,,,,,
Streptomycin,4407876:GT->G,gidB,504,1bp deletion,1,0,0,2,0%,0.1%,,,,,,,,,,
Streptomycin,4407751:TG->T,gidB,629,1bp deletion,1,0,0,1,0%,0.1%,,,,,,,,,,
Streptomycin,4408318:CG->C,gidB,62,1bp deletion,1,0,0,1,0%,0.1%,,,,,,,,,,
Streptomycin,4408176:G->GA,gidB,204,1bp insertion,1,0,1,1,0%,0.1%,,,,,,,,,,
Streptomycin,4408186:A->AC,gidB,194,1bp insertion,1,0,0,2,0%,0.1%,,,,,,,,,,
Streptomycin,4408141:G->GC,gidB,239,1bp insertion,1,0,0,1,0%,0.1%,,,,,,,,,,
Streptomycin,4408012:CAG->C,gidB,368,2bp deletion,1,0,1,1,0%,0.1%,,,,,,,,,,
Streptomycin,4408023:GGC->G,gidB,357,2bp deletion,1,0,1,1,0%,0.1%,,,,,,,,,,
Streptomycin,4407979:G->T,gidB,401,A134E,1,0,1,4,0%,0.3%,,,,,,,,,,
Streptomycin,4407958:G->T,gidB,422,A141E,1,0,1,5,0%,0.4%,,,,,,,,,,
Streptomycin,4408043:C->A,gidB,337,E113*,1,0,1,1,0%,0.1%,,,,,,,,,,
Streptomycin,4408169:C->A,gidB,211,G71*,1,0,1,4,0%,0.3%,,,,,,,,,,
Streptomycin,4407893:T->A,gidB,487,K163*,1,0,1,1,0%,0.1%,,,,,,,,,,
Streptomycin,4408159:A->T,gidB,221,L74*,1,0,1,1,0%,0.1%,,,,,,,,,,
Streptomycin,4408121:G->A,gidB,259,Q87*,1,0,0,1,0%,0.1%,,,,,,,,,,
Streptomycin,4408076:G->A,gidB,304,R102*,1,0,1,1,0%,0.1%,,,,,,,,,,
Streptomycin,4407973:G->T,gidB,407,S136*,1,0,1,1,0%,0.1%,,,,,,,,,,
Streptomycin,4407937:C->T,gidB,443,W148*,1,0,1,2,0%,0.1%,,,,,,,,,,
Ofloxacin,7570:C->G,gyrA,269,A90G,1,0,1,2,0%,0.4%,,,,,,,,,,
Ofloxacin,7582:A->T,gyrA,281,D94V,1,0,0,1,0%,0.2%,,,,,,,,,,
Ofloxacin,6639:C->T,gyrB,1400,A467V,1,0,1,1,0%,0.2%,,,,,,,,,,
Ofloxacin,6620:G->C,gyrB,1381,D461H,1,0,1,1,0%,0.2%,,,,,,,,,,
Ofloxacin,6695:A->C,gyrB,1456,I486L,1,0,0,2,0%,0.4%,,,,,,,,,,
Ofloxacin,6674:C->A,gyrB,1435,L479I,1,0,1,1,0%,0.2%,,,,,,,,,,
Ofloxacin,6736:C->A,gyrB,1497,S499K,1,0,0,1,0%,0.2%,,,,,,,,,,
Ofloxacin,6736:C->G,gyrB,1497,S499K,1,0,0,1,0%,0.2%,,,,,,,,,,
Ofloxacin,6734:A->T,gyrB,1495,S499Y,1,0,0,1,0%,0.2%,,,,,,,,,,
Isoniazid,2518546:G->A,kasA,424,V142I,1,0,1,1,0%,0.1%,,,,,,,,,,
Isoniazid,2155588:GC->G,katG,531,1bp deletion,1,0,1,2,0%,0.1%,,,,,,,,,,
Isoniazid,2154361:CA->C,katG,1758,1bp deletion,1,0,1,1,0%,0.1%,,,,,,,,,,
Isoniazid,2154448:CT->C,katG,1671,1bp deletion,1,0,1,1,0%,0.1%,,,,,,,,,,
Isoniazid,2154468:CG->C,katG,1651,1bp deletion,1,0,1,1,0%,0.1%,,,,,,,,,,
Isoniazid,2155162:GA->G,katG,957,1bp deletion,1,0,1,1,0%,0.1%,,,,,,,,,,
Isoniazid,2155966:GT->G,katG,153,1bp deletion,1,0,0,1,0%,0.1%,,,,,,,,,,
Isoniazid,2154262:G->GA,katG,1857,1bp insertion,1,0,1,1,0%,0.1%,,,,,,,,,,
Isoniazid,2154468:C->CT,katG,1651,1bp insertion,1,0,1,1,0%,0.1%,,,,,,,,,,
Isoniazid,2154218:A->AG,katG,1901,1bp insertion,1,0,0,1,0%,0.1%,,,,,,,,,,
Isoniazid,2155975:C->CA,katG,144,1bp insertion,1,0,0,1,0%,0.1%,,,,,,,,,,
Isoniazid,2156030:ACGG->A,katG,89,3 bp deletion,1,0,1,1,0%,0.1%,,,,,,,,,,
Isoniazid,2154014:G->GAGTT,katG,2105,4 bp insertion,1,0,1,5,0%,0.3%,,,,,,,,,,
Isoniazid,2155252:CTCGGGT->C,katG,867,6 bp deletion,1,0,1,1,0%,0.1%,,,,,,,,,,
Isoniazid,2155553:T->G,katG,566,D189A,1,0,1,1,0%,0.1%,,,,,,,,,,
Isoniazid,2154636:C->A,katG,1483,G495C,1,0,1,2,0%,0.1%,,,,,,,,,,
Isoniazid,2154359:A->C,katG,1760,L587R,1,0,1,2,0%,0.1%,,,,,,,,,,
Isoniazid,2155174:G->C,katG,945,S315R,1,0,1,2,0%,0.1%,,,,,,,,,,
Isoniazid,2154971:G->T,katG,1148,S383*,1,0,1,1,0%,0.1%,,,,,,,,,,
Isoniazid,2154115:C->T,katG,2004,W668*,1,0,1,1,0%,0.1%,,,,,,,,,,
Isoniazid,2154841:G->C,katG,1278,Y426*,1,0,1,1,0%,0.1%,,,,,,,,,,
Pyrazinamide,2288967:AG->A,pncA,283,1bp deletion,1,0,1,4,0%,1.1%,,,,,,,,,,
Pyrazinamide,2288734:CA->C,pncA,516,1bp deletion,1,0,1,2,0%,0.5%,,,,,,,,,,
Pyrazinamide,2288827:CT->C,pncA,423,1bp deletion,1,0,1,1,0%,0.3%,,,,,,,,,,
Pyrazinamide,2288856:CG->C,pncA,394,1bp deletion,1,0,1,1,0%,0.3%,,,,,,,,,,
Pyrazinamide,2289023:GT->G,pncA,227,1bp deletion,1,0,1,1,0%,0.3%,,,,,,,,,,
Pyrazinamide,2289064:CG->C,pncA,186,1bp deletion,1,0,0,3,0%,0.8%,,,,,,,,,,
Pyrazinamide,2288860:CA->C,pncA,390,1bp deletion,1,0,0,1,0%,0.3%,,,,,,,,,,
Pyrazinamide,2288867:AC->A,pncA,383,1bp deletion,1,0,0,1,0%,0.3%,,,,,,,,,,
Pyrazinamide,2288917:CT->C,pncA,333,1bp deletion,1,0,0,1,0%,0.3%,,,,,,,,,,
Pyrazinamide,2289100:GA->G,pncA,150,1bp deletion,1,0,0,1,0%,0.3%,,,,,,,,,,
Pyrazinamide,2289145:CA->C,pncA,105,1bp deletion,1,0,0,1,0%,0.3%,,,,,,,,,,
Pyrazinamide,2289164:C->CG,pncA,86,1bp insertion,1,0,1,2,0%,0.5%,,,,,,,,,,
Pyrazinamide,2288832:G->GC,pncA,418,1bp insertion,1,0,1,1,0%,0.3%,,,,,,,,,,
Pyrazinamide,2289040:C->CG,pncA,210,1bp insertion,1,0,1,1,0%,0.3%,,,,,,,,,,
Pyrazinamide,2289068:G->GT,pncA,182,1bp insertion,1,0,1,1,0%,0.3%,,,,,,,,,,
Pyrazinamide,2288793:T->TG,pncA,457,1bp insertion,1,0,0,93,2%,25.2%,,,,,,,,,,
Pyrazinamide,2288900:A->AG,pncA,350,1bp insertion,1,0,0,2,0%,0.5%,,,,,,,,,,
Pyrazinamide,2288963:T->TA,pncA,287,1bp insertion,1,0,0,2,0%,0.5%,,,,,,,,,,
Pyrazinamide,2289000:T->TG,pncA,250,1bp insertion,1,0,0,2,0%,0.5%,,,,,,,,,,
Pyrazinamide,2289215:T->TC,pncA,35,1bp insertion,1,0,0,2,0%,0.5%,,,,,,,,,,
Pyrazinamide,2288769:C->CG,pncA,481,1bp insertion,1,0,0,1,0%,0.3%,,,,,,,,,,
Pyrazinamide,2288797:C->CA,pncA,453,1bp insertion,1,0,0,1,0%,0.3%,,,,,,,,,,
Pyrazinamide,2288799:A->AG,pncA,451,1bp insertion,1,0,0,1,0%,0.3%,,,,,,,,,,
Pyrazinamide,2288935:G->GC,pncA,315,1bp insertion,1,0,0,1,0%,0.3%,,,,,,,,,,
Pyrazinamide,2289057:A->AC,pncA,193,1bp insertion,1,0,0,1,0%,0.3%,,,,,,,,,,
Pyrazinamide,2289057:A->AT,pncA,193,1bp insertion,1,0,0,1,0%,0.3%,,,,,,,,,,
Pyrazinamide,2289064:C->CT,pncA,186,1bp insertion,1,0,0,1,0%,0.3%,,,,,,,,,,
Pyrazinamide,2289128:T->TA,pncA,122,1bp insertion,1,0,0,1,0%,0.3%,,,,,,,,,,
Pyrazinamide,2289234:T->TG,pncA,16,1bp insertion,1,0,0,1,0%,0.3%,,,,,,,,,,
Pyrazinamide,2288735:A->AGC,pncA,515,2 bp insertion,1,0,1,1,0%,0.3%,,,,,,,,,,
Pyrazinamide,2288798:A->AAG,pncA,452,2 bp insertion,1,0,1,1,0%,0.3%,,,,,,,,,,
Pyrazinamide,2288745:C->CGG,pncA,505,2 bp insertion,1,0,0,2,0%,0.5%,,,,,,,,,,
Pyrazinamide,2288867:A->ACC,pncA,383,2 bp insertion,1,0,0,1,0%,0.3%,,,,,,,,,,
Pyrazinamide,2288993:T->TCC,pncA,257,2 bp insertion,1,0,0,1,0%,0.3%,,,,,,,,,,
Pyrazinamide,2288735:AGC->A,pncA,515,2bp deletion,1,0,0,1,0%,0.3%,,,,,,,,,,
Pyrazinamide,2288950:GGT->G,pncA,300,2bp deletion,1,0,0,1,0%,0.3%,,,,,,,,,,
Pyrazinamide,2289085:ACCC->A,pncA,165,3 bp deletion,1,0,0,1,0%,0.3%,,,,,,,,,,
Pyrazinamide,2288940:TGTAC->T,pncA,310,4 bp deletion,1,0,1,1,0%,0.3%,,,,,,,,,,
Pyrazinamide,2288860:CACAT->C,pncA,390,4 bp deletion,1,0,0,1,0%,0.3%,,,,,,,,,,
Pyrazinamide,2288787:C->CCCTG,pncA,463,4 bp insertion,1,0,1,1,0%,0.3%,,,,,,,,,,
Pyrazinamide,2288973:CCGCCT->C,pncA,277,5 bp deletion,1,0,1,1,0%,0.3%,,,,,,,,,,
Pyrazinamide,2289170:A->AGCGCG,pncA,80,5 bp insertion,1,0,1,1,0%,0.3%,,,,,,,,,,
Pyrazinamide,2288726:A->ATCTCC,pncA,524,5 bp insertion,1,0,0,2,0%,0.5%,,,,,,,,,,
Pyrazinamide,2288742:CGACGGT->C,pncA,508,6 bp deletion,1,0,1,1,0%,0.3%,,,,,,,,,,
Pyrazinamide,2288903:A->AGTGGCGT,pncA,347,7 bp insertion,1,0,1,1,0%,0.3%,,,,,,,,,,
Pyrazinamide,2289057:A->AATAGTCC,pncA,193,7 bp insertion,1,0,0,1,0%,0.3%,,,,,,,,,,
Pyrazinamide,2289149:TAGTCGCTG->T,pncA,101,8 bp deletion,1,0,0,1,0%,0.3%,,,,,,,,,,
Pyrazinamide,2288805:T->TGCGTACCGC,pncA,445,9 bp insertion,1,0,0,1,0%,0.3%,,,,,,,,,,
Pyrazinamide,2288871:C->A,pncA,379,E127*,1,0,1,1,0%,0.3%,,,,,,,,,,
Pyrazinamide,2288979:C->A,pncA,271,E91*,1,0,1,1,0%,0.3%,,,,,,,,,,
Pyrazinamide,2288928:C->A,pncA,322,G108*,1,0,0,2,0%,0.5%,,,,,,,,,,
Pyrazinamide,2289098:T->G,pncA,152,H51P,1,0,0,2,0%,0.5%,,,,,,,,,,
Pyrazinamide,2289098:T->C,pncA,152,H51R,1,0,0,2,0%,0.5%,,,,,,,,,,
Pyrazinamide,2289039:G->T,pncA,211,H71S,1,0,1,1,0%,0.3%,,,,,,,,,,
Pyrazinamide,2288829:G->A,pncA,421,Q141*,1,0,1,1,0%,0.3%,,,,,,,,,,
Pyrazinamide,2288788:C->A,pncA,462,R154S,1,0,1,2,0%,0.5%,,,,,,,,,,
Pyrazinamide,2288894:C->T,pncA,356,W119*,1,0,0,2,0%,0.5%,,,,,,,,,,
Pyrazinamide,2289047:C->T,pncA,203,W68*,1,0,0,1,0%,0.3%,,,,,,,,,,
Pyrazinamide,2288941:G->T,pncA,309,Y103*,1,0,1,1,0%,0.3%,,,,,,,,,,
Pyrazinamide,2289127:G->C,pncA,123,Y41*,1,0,0,1,0%,0.3%,,,,,,,,,,
Pyrazinamide,2288953:G->T,pncA,297,Y99*,1,0,0,1,0%,0.3%,,,,,,,,,,
Pyrazinamide,2289260:T->A,pncA promoter,-11,n/a,1,0,0,1,0%,0.3%,,,,,,,,,,
Rifampicin,761117:GAAC->G,rpoB,1308,3 bp deletion,1,0,1,1,0%,0.1%,,,,,,,,,,
Rifampicin,761102:C->CCAA,rpoB,1293,3 bp insertion,1,0,1,1,0%,0.1%,,,,,,,,,,
Rifampicin,761103:CAATTCATGG->C,rpoB,1294,9 bp deletion,1,0,1,1,0%,0.1%,,,,,,,,,,
Rifampicin,761114:C->G,rpoB,1305,D435E,1,0,0,3,0%,0.2%,,,,,,,,,,
Rifampicin,761112:G->C,rpoB,1303,D435H,1,0,1,1,0%,0.1%,,,,,,,,,,
Rifampicin,761134:G->A,rpoB,1325,G442E,1,0,1,4,0%,0.2%,,,,,,,,,,
Rifampicin,761143:A->C,rpoB,1334,H445P,1,0,1,1,0%,0.1%,,,,,,,,,,
Rifampicin,761144:C->G,rpoB,1335,H445Q,1,0,0,1,0%,0.1%,,,,,,,,,,
Rifampicin,761280:A->C,rpoB,1471,I491L,1,0,0,1,0%,0.1%,,,,,,,,,,
Rifampicin,761281:T->C,rpoB,1472,I491T,1,0,0,1,0%,0.1%,,,,,,,,,,
Rifampicin,761146:A->G,rpoB,1337,K446R,1,0,0,1,0%,0.1%,,,,,,,,,,
Rifampicin,761111:G->A,rpoB,1302,M434I,1,0,0,1,0%,0.1%,,,,,,,,,,
Rifampicin,761110:T->G,rpoB,1301,M434R,1,0,0,2,0%,0.1%,,,,,,,,,,
Rifampicin,761096:G->T,rpoB,1287,Q429H,1,0,1,2,0%,0.1%,,,,,,,,,,
Rifampicin,761096:G->C,rpoB,1287,Q429H,1,0,0,1,0%,0.1%,,,,,,,,,,
Rifampicin,761095:A->T,rpoB,1286,Q429L,1,0,0,4,0%,0.2%,,,,,,,,,,
Rifampicin,761104:A->C,rpoB,1295,Q432P,1,0,1,1,0%,0.1%,,,,,,,,,,
Rifampicin,761091:A->G,rpoB,1282,S428G,1,0,1,3,0%,0.2%,,,,,,,,,,
Rifampicin,761093:C->G,rpoB,1284,S428R,1,0,1,1,0%,0.1%,,,,,,,,,,
Rifampicin,761118:A->C,rpoB,1309,S437H,1,0,1,1,0%,0.1%,,,,,,,,,,
Rifampicin,761131:C->A,rpoB,1322,S441*,1,0,0,2,0%,0.1%,,,,,,,,,,
Rifampicin,761130:T->C,rpoB,1321,S441P,1,0,0,2,0%,0.1%,,,,,,,,,,
Rifampicin,761130:T->A,rpoB,1321,S441T,1,0,1,1,0%,0.1%,,,,,,,,,,
Rifampicin,761131:C->G,rpoB,1322,S441W,1,0,1,1,0%,0.1%,,,,,,,,,,
Rifampicin,761286:T->A,rpoB,1477,S493T,1,0,0,6,0%,0.3%,,,,,,,,,,
Rifampicin,761089:C->T,rpoB,1280,T427I,1,0,1,1,0%,0.1%,,,,,,,,,,
Rifampicin,761088:A->C,rpoB,1279,T427P,1,0,0,1,0%,0.1%,,,,,,,,,,
Rifampicin,761140:C->T,rpoB,1331,T444I,1,0,0,2,0%,0.1%,,,,,,,,,,
Streptomycin,781824:A->C,rpsL,262,K88Q,1,0,0,1,0%,0.1%,,,,,,,,,,
Streptomycin,1472756:C->A,rrs,904,n/a,1,0,0,1,0%,0.1%,,,,,,,,,,
Streptomycin,1472759:A->G,rrs,907,n/a,1,0,0,5,0%,0.4%,,,,,,,,,,
,,,,,,,,,,,,,,,,,,,,
,,,,,,,,,,,,,,,,,,,,
,,,,,,,,,,,,,,,,,,,,
,,,,,,,,,,,,,,,,,,,,
,,,,,,,,,,,,,,,,,,,,
,,,,,,,,,,,,,,,,,,,,
,,,,,,,,,,,,,,,,,,,,
,,,,,,,,,,,,,,,,,,,,
,,,,,,,,,,,,,,,,,,,,
,,,,,,,,,,,,,,,,,,,,
,,,,,,,,,,,,,,,,,,,,
,,,,,,,,,,,,,,,,,,,,
,,,,,,,,,,,,,,,,,,,,
,,,,,,,,,,,,,,,,,,,,
,,,,,,,,,,,,,,,,,,,,
,,,,,,,,,,,,,,,,,,,,
,,,,,,,,,,,,,,,,,,,,
,,,,,,,,,,,,,,,,,,,,
,,,,,,,,,,,,,,,,,,,,
,,,,,,,,,,,,,,,,,,,,
,,,,,,,,,,,,,,,,,,,,
,,,,,,,,,,,,,,,,,,,,
,,,,,,,,,,,,,,,,,,,,
,,,,,,,,,,,,,,,,,,,,
,,,,,,,,,,,,,,,,,,,,
,,,,,,,,,,,,,,,,,,,,
,,,,,,,,,,,,,,,,,,,,
,,,,,,,,,,,,,,,,,,,,
,,,,,,,,,,,,,,,,,,,,
,,,,,,,,,,,,,,,,,,,,
,,,,,,,,,,,,,,,,,,,,
,,,,,,,,,,,,,,,,,,,,
,,,,,,,,,,,,,,,,,,,,
,,,,,,,,,,,,,,,,,,,,
,,,,,,,,,,,,,,,,,,,,
,,,,,,,,,,,,,,,,,,,,
,,,,,,,,,,,,,,,,,,,,
,,,,,,,,,,,,,,,,,,,,
,,,,,,,,,,,,,,,,,,,,
,,,,,,,,,,,,,,,,,,,,
,,,,,,,,,,,,,,,,,,,,
,,,,,,,,,,,,,,,,,,,,
,,,,,,,,,,,,,,,,,,,,
,,,,,,,,,,,,,,,,,,,,
,,,,,,,,,,,,,,,,,,,,
,,,,,,,,,,,,,,,,,,,,
,,,,,,,,,,,,,,,,,,,,
,,,,,,,,,,,,,,,,,,,,
,,,,,,,,,,,,,,,,,,,,
,,,,,,,,,,,,,,,,,,,,
,,,,,,,,,,,,,,,,,,,,
,,,,,,,,,,,,,,,,,,,,
,,,,,,,,,,,,,,,,,,,,
,,,,,,,,,,,,,,,,,,,,
,,,,,,,,,,,,,,,,,,,,
,,,,,,,,,,,,,,,,,,,,
,,,,,,,,,,,,,,,,,,,,
,,,,,,,,,,,,,,,,,,,,
,,,,,,,,,,,,,,,,,,,,
,,,,,,,,,,,,,,,,,,,,
,,,,,,,,,,,,,,,,,,,,
,,,,,,,,,,,,,,,,,,,,
,,,,,,,,,,,,,,,,,,,,
,,,,,,,,,,,,,,,,,,,,
,,,,,,,,,,,,,,,,,,,,
,,,,,,,,,,,,,,,,,,,,
,,,,,,,,,,,,,,,,,,,,
,,,,,,,,,,,,,,,,,,,,
,,,,,,,,,,,,,,,,,,,,
,,,,,,,,,,,,,,,,,,,,
,,,,,,,,,,,,,,,,,,,,
,,,,,,,,,,,,,,,,,,,,
,,,,,,,,,,,,,,,,,,,,
,,,,,,,,,,,,,,,,,,,,
,,,,,,,,,,,,,,,,,,,,
,,,,,,,,,,,,,,,,,,,,
,,,,,,,,,,,,,,,,,,,,
,,,,,,,,,,,,,,,,,,,,
,,,,,,,,,,,,,,,,,,,,
,,,,,,,,,,,,,,,,,,,,
,,,,,,,,,,,,,,,,,,,,
,,,,,,,,,,,,,,,,,,,,
,,,,,,,,,,,,,,,,,,,,
,,,,,,,,,,,,,,,,,,,,
,,,,,,,,,,,,,,,,,,,,
,,,,,,,,,,,,,,,,,,,,
,,,,,,,,,,,,,,,,,,,,
,,,,,,,,,,,,,,,,,,,,
,,,,,,,,,,,,,,,,,,,,
,,,,,,,,,,,,,,,,,,,,
,,,,,,,,,,,,,,,,,,,,
,,,,,,,,,,,,,,,,,,,,
,,,,,,,,,,,,,,,,,,,,
,,,,,,,,,,,,,,,,,,,,
,,,,,,,,,,,,,,,,,,,,
,,,,,,,,,,,,,,,,,,,,
,,,,,,,,,,,,,,,,,,,,
,,,,,,,,,,,,,,,,,,,,
,,,,,,,,,,,,,,,,,,,,
,,,,,,,,,,,,,,,,,,,,
,,,,,,,,,,,,,,,,,,,,
,,,,,,,,,,,,,,,,,,,,
,,,,,,,,,,,,,,,,,,,,
,,,,,,,,,,,,,,,,,,,,
,,,,,,,,,,,,,,,,,,,,
,,,,,,,,,,,,,,,,,,,,
,,,,,,,,,,,,,,,,,,,,
,,,,,,,,,,,,,,,,,,,,
,,,,,,,,,,,,,,,,,,,,
,,,,,,,,,,,,,,,,,,,,
,,,,,,,,,,,,,,,,,,,,
,,,,,,,,,,,,,,,,,,,,
,,,,,,,,,,,,,,,,,,,,
,,,,,,,,,,,,,,,,,,,,
,,,,,,,,,,,,,,,,,,,,
,,,,,,,,,,,,,,,,,,,,
,,,,,,,,,,,,,,,,,,,,
,,,,,,,,,,,,,,,,,,,,
,,,,,,,,,,,,,,,,,,,,
,,,,,,,,,,,,,,,,,,,,
,,,,,,,,,,,,,,,,,,,,
,,,,,,,,,,,,,,,,,,,,
,,,,,,,,,,,,,,,,,,,,
,,,,,,,,,,,,,,,,,,,,
,,,,,,,,,,,,,,,,,,,,
,,,,,,,,,,,,,,,,,,,,
,,,,,,,,,,,,,,,,,,,,
,,,,,,,,,,,,,,,,,,,,
,,,,,,,,,,,,,,,,,,,,
,,,,,,,,,,,,,,,,,,,,
,,,,,,,,,,,,,,,,,,,,
,,,,,,,,,,,,,,,,,,,,
,,,,,,,,,,,,,,,,,,,,
,,,,,,,,,,,,,,,,,,,,
,,,,,,,,,,,,,,,,,,,,
,,,,,,,,,,,,,,,,,,,,
,,,,,,,,,,,,,,,,,,,,
,,,,,,,,,,,,,,,,,,,,
,,,,,,,,,,,,,,,,,,,,
,,,,,,,,,,,,,,,,,,,,
,,,,,,,,,,,,,,,,,,,,
,,,,,,,,,,,,,,,,,,,,
,,,,,,,,,,,,,,,,,,,,
,,,,,,,,,,,,,,,,,,,,
,,,,,,,,,,,,,,,,,,,,
,,,,,,,,,,,,,,,,,,,,
,,,,,,,,,,,,,,,,,,,,
,,,,,,,,,,,,,,,,,,,,
,,,,,,,,,,,,,,,,,,,,
,,,,,,,,,,,,,,,,,,,,
,,,,,,,,,,,,,,,,,,,,
,,,,,,,,,,,,,,,,,,,,
,,,,,,,,,,,,,,,,,,,,
,,,,,,,,,,,,,,,,,,,,
,,,,,,,,,,,,,,,,,,,,
,,,,,,,,,,,,,,,,,,,,
,,,,,,,,,,,,,,,,,,,,
,,,,,,,,,,,,,,,,,,,,
,,,,,,,,,,,,,,,,,,,,
,,,,,,,,,,,,,,,,,,,,
,,,,,,,,,,,,,,,,,,,,
,,,,,,,,,,,,,,,,,,,,
,,,,,,,,,,,,,,,,,,,,
,,,,,,,,,,,,,,,,,,,,
,,,,,,,,,,,,,,,,,,,,
,,,,,,,,,,,,,,,,,,,,
,,,,,,,,,,,,,,,,,,,,
,,,,,,,,,,,,,,,,,,,,
,,,,,,,,,,,,,,,,,,,,
,,,,,,,,,,,,,,,,,,,,
,,,,,,,,,,,,,,,,,,,,
,,,,,,,,,,,,,,,,,,,,
,,,,,,,,,,,,,,,,,,,,
,,,,,,,,,,,,,,,,,,,,
,,,,,,,,,,,,,,,,,,,,
,,,,,,,,,,,,,,,,,,,,
,,,,,,,,,,,,,,,,,,,,
,,,,,,,,,,,,,,,,,,,,
,,,,,,,,,,,,,,,,,,,,
,,,,,,,,,,,,,,,,,,,,
,,,,,,,,,,,,,,,,,,,,
,,,,,,,,,,,,,,,,,,,,
,,,,,,,,,,,,,,,,,,,,
,,,,,,,,,,,,,,,,,,,,
,,,,,,,,,,,,,,,,,,,,
,,,,,,,,,,,,,,,,,,,,
,,,,,,,,,,,,,,,,,,,,
,,,,,,,,,,,,,,,,,,,,
,,,,,,,,,,,,,,,,,,,,
,,,,,,,,,,,,,,,,,,,,
,,,,,,,,,,,,,,,,,,,,
,,,,,,,,,,,,,,,,,,,,
,,,,,,,,,,,,,,,,,,,,
,,,,,,,,,,,,,,,,,,,,
,,,,,,,,,,,,,,,,,,,,
,,,,,,,,,,,,,,,,,,,,
,,,,,,,,,,,,,,,,,,,,
,,,,,,,,,,,,,,,,,,,,
,,,,,,,,,,,,,,,,,,,,
,,,,,,,,,,,,,,,,,,,,
,,,,,,,,,,,,,,,,,,,,
,,,,,,,,,,,,,,,,,,,,
,,,,,,,,,,,,,,,,,,,,
,,,,,,,,,,,,,,,,,,,,
,,,,,,,,,,,,,,,,,,,,
,,,,,,,,,,,,,,,,,,,,
,,,,,,,,,,,,,,,,,,,,
,,,,,,,,,,,,,,,,,,,,
,,,,,,,,,,,,,,,,,,,,
,,,,,,,,,,,,,,,,,,,,
,,,,,,,,,,,,,,,,,,,,
,,,,,,,,,,,,,,,,,,,,
,,,,,,,,,,,,,,,,,,,,
,,,,,,,,,,,,,,,,,,,,
,,,,,,,,,,,,,,,,,,,,
,,,,,,,,,,,,,,,,,,,,
,,,,,,,,,,,,,,,,,,,,
,,,,,,,,,,,,,,,,,,,,
,,,,,,,,,,,,,,,,,,,,
,,,,,,,,,,,,,,,,,,,,
,,,,,,,,,,,,,,,,,,,,
,,,,,,,,,,,,,,,,,,,,
,,,,,,,,,,,,,,,,,,,,
,,,,,,,,,,,,,,,,,,,,
,,,,,,,,,,,,,,,,,,,,
,,,,,,,,,,,,,,,,,,,,
,,,,,,,,,,,,,,,,,,,,
,,,,,,,,,,,,,,,,,,,,
,,,,,,,,,,,,,,,,,,,,
,,,,,,,,,,,,,,,,,,,,
,,,,,,,,,,,,,,,,,,,,
,,,,,,,,,,,,,,,,,,,,
,,,,,,,,,,,,,,,,,,,,
,,,,,,,,,,,,,,,,,,,,
,,,,,,,,,,,,,,,,,,,,
,,,,,,,,,,,,,,,,,,,,
,,,,,,,,,,,,,,,,,,,,
,,,,,,,,,,,,,,,,,,,,
,,,,,,,,,,,,,,,,,,,,
,,,,,,,,,,,,,,,,,,,,
,,,,,,,,,,,,,,,,,,,,
,,,,,,,,,,,,,,,,,,,,
,,,,,,,,,,,,,,,,,,,,
,,,,,,,,,,,,,,,,,,,,
,,,,,,,,,,,,,,,,,,,,
,,,,,,,,,,,,,,,,,,,,
,,,,,,,,,,,,,,,,,,,,
,,,,,,,,,,,,,,,,,,,,
,,,,,,,,,,,,,,,,,,,,
,,,,,,,,,,,,,,,,,,,,
,,,,,,,,,,,,,,,,,,,,
,,,,,,,,,,,,,,,,,,,,
,,,,,,,,,,,,,,,,,,,,
,,,,,,,,,,,,,,,,,,,,
,,,,,,,,,,,,,,,,,,,,
,,,,,,,,,,,,,,,,,,,,
,,,,,,,,,,,,,,,,,,,,
,,,,,,,,,,,,,,,,,,,,
,,,,,,,,,,,,,,,,,,,,
,,,,,,,,,,,,,,,,,,,,
,,,,,,,,,,,,,,,,,,,,
,,,,,,,,,,,,,,,,,,,,
,,,,,,,,,,,,,,,,,,,,
,,,,,,,,,,,,,,,,,,,,
,,,,,,,,,,,,,,,,,,,,
,,,,,,,,,,,,,,,,,,,,
,,,,,,,,,,,,,,,,,,,,
,,,,,,,,,,,,,,,,,,,,
,,,,,,,,,,,,,,,,,,,,
,,,,,,,,,,,,,,,,,,,,
,,,,,,,,,,,,,,,,,,,,
,,,,,,,,,,,,,,,,,,,,
,,,,,,,,,,,,,,,,,,,,
,,,,,,,,,,,,,,,,,,,,
,,,,,,,,,,,,,,,,,,,,
,,,,,,,,,,,,,,,,,,,,
,,,,,,,,,,,,,,,,,,,,
,,,,,,,,,,,,,,,,,,,,
,,,,,,,,,,,,,,,,,,,,
,,,,,,,,,,,,,,,,,,,,
,,,,,,,,,,,,,,,,,,,,
,,,,,,,,,,,,,,,,,,,,
,,,,,,,,,,,,,,,,,,,,
,,,,,,,,,,,,,,,,,,,,
,,,,,,,,,,,,,,,,,,,,
,,,,,,,,,,,,,,,,,,,,
,,,,,,,,,,,,,,,,,,,,
,,,,,,,,,,,,,,,,,,,,
,,,,,,,,,,,,,,,,,,,,
,,,,,,,,,,,,,,,,,,,,
,,,,,,,,,,,,,,,,,,,,
,,,,,,,,,,,,,,,,,,,,
,,,,,,,,,,,,,,,,,,,,
,,,,,,,,,,,,,,,,,,,,
,,,,,,,,,,,,,,,,,,,,
,,,,,,,,,,,,,,,,,,,,
,,,,,,,,,,,,,,,,,,,,
,,,,,,,,,,,,,,,,,,,,
,,,,,,,,,,,,,,,,,,,,
,,,,,,,,,,,,,,,,,,,,
,,,,,,,,,,,,,,,,,,,,
,,,,,,,,,,,,,,,,,,,,
,,,,,,,,,,,,,,,,,,,,
,,,,,,,,,,,,,,,,,,,,
,,,,,,,,,,,,,,,,,,,,
,,,,,,,,,,,,,,,,,,,,
,,,,,,,,,,,,,,,,,,,,
,,,,,,,,,,,,,,,,,,,,
,,,,,,,,,,,,,,,,,,,,
,,,,,,,,,,,,,,,,,,,,
,,,,,,,,,,,,,,,,,,,,
,,,,,,,,,,,,,,,,,,,,
,,,,,,,,,,,,,,,,,,,,
,,,,,,,,,,,,,,,,,,,,
,,,,,,,,,,,,,,,,,,,,
,,,,,,,,,,,,,,,,,,,,
,,,,,,,,,,,,,,,,,,,,
,,,,,,,,,,,,,,,,,,,,
,,,,,,,,,,,,,,,,,,,,
,,,,,,,,,,,,,,,,,,,,
,,,,,,,,,,,,,,,,,,,,
,,,,,,,,,,,,,,,,,,,,
,,,,,,,,,,,,,,,,,,,,
,,,,,,,,,,,,,,,,,,,,
,,,,,,,,,,,,,,,,,,,,
,,,,,,,,,,,,,,,,,,,,
,,,,,,,,,,,,,,,,,,,,
,,,,,,,,,,,,,,,,,,,,
,,,,,,,,,,,,,,,,,,,,
,,,,,,,,,,,,,,,,,,,,
,,,,,,,,,,,,,,,,,,,,
,,,,,,,,,,,,,,,,,,,,
,,,,,,,,,,,,,,,,,,,,
,,,,,,,,,,,,,,,,,,,,
,,,,,,,,,,,,,,,,,,,,
,,,,,,,,,,,,,,,,,,,,
,,,,,,,,,,,,,,,,,,,,
,,,,,,,,,,,,,,,,,,,,
,,,,,,,,,,,,,,,,,,,,
,,,,,,,,,,,,,,,,,,,,
,,,,,,,,,,,,,,,,,,,,
,,,,,,,,,,,,,,,,,,,,
,,,,,,,,,,,,,,,,,,,,
,,,,,,,,,,,,,,,,,,,,
,,,,,,,,,,,,,,,,,,,,
,,,,,,,,,,,,,,,,,,,,
,,,,,,,,,,,,,,,,,,,,
,,,,,,,,,,,,,,,,,,,,
,,,,,,,,,,,,,,,,,,,,
,,,,,,,,,,,,,,,,,,,,
,,,,,,,,,,,,,,,,,,,,
,,,,,,,,,,,,,,,,,,,,
,,,,,,,,,,,,,,,,,,,,
,,,,,,,,,,,,,,,,,,,,
,,,,,,,,,,,,,,,,,,,,
,,,,,,,,,,,,,,,,,,,,
,,,,,,,,,,,,,,,,,,,,
,,,,,,,,,,,,,,,,,,,,
,,,,,,,,,,,,,,,,,,,,
,,,,,,,,,,,,,,,,,,,,
,,,,,,,,,,,,,,,,,,,,
,,,,,,,,,,,,,,,,,,,,
,,,,,,,,,,,,,,,,,,,,
,,,,,,,,,,,,,,,,,,,,
,,,,,,,,,,,,,,,,,,,,
,,,,,,,,,,,,,,,,,,,,
,,,,,,,,,,,,,,,,,,,,
,,,,,,,,,,,,,,,,,,,,
,,,,,,,,,,,,,,,,,,,,
,,,,,,,,,,,,,,,,,,,,
,,,,,,,,,,,,,,,,,,,,
,,,,,,,,,,,,,,,,,,,,
,,,,,,,,,,,,,,,,,,,,
,,,,,,,,,,,,,,,,,,,,
,,,,,,,,,,,,,,,,,,,,
,,,,,,,,,,,,,,,,,,,,
,,,,,,,,,,,,,,,,,,,,
,,,,,,,,,,,,,,,,,,,,
,,,,,,,,,,,,,,,,,,,,
,,,,,,,,,,,,,,,,,,,,
,,,,,,,,,,,,,,,,,,,,
,,,,,,,,,,,,,,,,,,,,
,,,,,,,,,,,,,,,,,,,,
,,,,,,,,,,,,,,,,,,,,
,,,,,,,,,,,,,,,,,,,,
,,,,,,,,,,,,,,,,,,,,
,,,,,,,,,,,,,,,,,,,,
,,,,,,,,,,,,,,,,,,,,
,,,,,,,,,,,,,,,,,,,,
,,,,,,,,,,,,,,,,,,,,
,,,,,,,,,,,,,,,,,,,,
,,,,,,,,,,,,,,,,,,,,
,,,,,,,,,,,,,,,,,,,,
,,,,,,,,,,,,,,,,,,,,
,,,,,,,,,,,,,,,,,,,,
,,,,,,,,,,,,,,,,,,,,
,,,,,,,,,,,,,,,,,,,,
,,,,,,,,,,,,,,,,,,,,
,,,,,,,,,,,,,,,,,,,,
,,,,,,,,,,,,,,,,,,,,
,,,,,,,,,,,,,,,,,,,,
,,,,,,,,,,,,,,,,,,,,
,,,,,,,,,,,,,,,,,,,,
,,,,,,,,,,,,,,,,,,,,
,,,,,,,,,,,,,,,,,,,,
,,,,,,,,,,,,,,,,,,,,
,,,,,,,,,,,,,,,,,,,,
,,,,,,,,,,,,,,,,,,,,
,,,,,,,,,,,,,,,,,,,,
,,,,,,,,,,,,,,,,,,,,
,,,,,,,,,,,,,,,,,,,,
,,,,,,,,,,,,,,,,,,,,
,,,,,,,,,,,,,,,,,,,,
,,,,,,,,,,,,,,,,,,,,
,,,,,,,,,,,,,,,,,,,,
,,,,,,,,,,,,,,,,,,,,
,,,,,,,,,,,,,,,,,,,,
,,,,,,,,,,,,,,,,,,,,
,,,,,,,,,,,,,,,,,,,,
,,,,,,,,,,,,,,,,,,,,
,,,,,,,,,,,,,,,,,,,,
,,,,,,,,,,,,,,,,,,,,
,,,,,,,,,,,,,,,,,,,,
,,,,,,,,,,,,,,,,,,,,
,,,,,,,,,,,,,,,,,,,,
,,,,,,,,,,,,,,,,,,,,
,,,,,,,,,,,,,,,,,,,,
,,,,,,,,,,,,,,,,,,,,
,,,,,,,,,,,,,,,,,,,,
,,,,,,,,,,,,,,,,,,,,
,,,,,,,,,,,,,,,,,,,,
,,,,,,,,,,,,,,,,,,,,
,,,,,,,,,,,,,,,,,,,,
,,,,,,,,,,,,,,,,,,,,
,,,,,,,,,,,,,,,,,,,,
,,,,,,,,,,,,,,,,,,,,
,,,,,,,,,,,,,,,,,,,,
,,,,,,,,,,,,,,,,,,,,
,,,,,,,,,,,,,,,,,,,,
,,,,,,,,,,,,,,,,,,,,
,,,,,,,,,,,,,,,,,,,,
,,,,,,,,,,,,,,,,,,,,
,,,,,,,,,,,,,,,,,,,,
,,,,,,,,,,,,,,,,,,,,
,,,,,,,,,,,,,,,,,,,,
,,,,,,,,,,,,,,,,,,,,
,,,,,,,,,,,,,,,,,,,,
,,,,,,,,,,,,,,,,,,,,
,,,,,,,,,,,,,,,,,,,,
,,,,,,,,,,,,,,,,,,,,
,,,,,,,,,,,,,,,,,,,,
,,,,,,,,,,,,,,,,,,,,
,,,,,,,,,,,,,,,,,,,,
,,,,,,,,,,,,,,,,,,,,
,,,,,,,,,,,,,,,,,,,,
,,,,,,,,,,,,,,,,,,,,
,,,,,,,,,,,,,,,,,,,,
,,,,,,,,,,,,,,,,,,,,
,,,,,,,,,,,,,,,,,,,,
,,,,,,,,,,,,,,,,,,,,
,,,,,,,,,,,,,,,,,,,,
,,,,,,,,,,,,,,,,,,,,
,,,,,,,,,,,,,,,,,,,,
,,,,,,,,,,,,,,,,,,,,
,,,,,,,,,,,,,,,,,,,,
,,,,,,,,,,,,,,,,,,,,
,,,,,,,,,,,,,,,,,,,,
,,,,,,,,,,,,,,,,,,,,
,,,,,,,,,,,,,,,,,,,,
,,,,,,,,,,,,,,,,,,,,
,,,,,,,,,,,,,,,,,,,,
,,,,,,,,,,,,,,,,,,,,
,,,,,,,,,,,,,,,,,,,,
,,,,,,,,,,,,,,,,,,,,
,,,,,,,,,,,,,,,,,,,,
,,,,,,,,,,,,,,,,,,,,
,,,,,,,,,,,,,,,,,,,,
,,,,,,,,,,,,,,,,,,,,
,,,,,,,,,,,,,,,,,,,,
,,,,,,,,,,,,,,,,,,,,
,,,,,,,,,,,,,,,,,,,,
,,,,,,,,,,,,,,,,,,,,
,,,,,,,,,,,,,,,,,,,,
,,,,,,,,,,,,,,,,,,,,
,,,,,,,,,,,,,,,,,,,,
,,,,,,,,,,,,,,,,,,,,
,,,,,,,,,,,,,,,,,,,,
,,,,,,,,,,,,,,,,,,,,
,,,,,,,,,,,,,,,,,,,,
,,,,,,,,,,,,,,,,,,,,
,,,,,,,,,,,,,,,,,,,,
,,,,,,,,,,,,,,,,,,,,
,,,,,,,,,,,,,,,,,,,,
,,,,,,,,,,,,,,,,,,,,
,,,,,,,,,,,,,,,,,,,,
,,,,,,,,,,,,,,,,,,,,
,,,,,,,,,,,,,,,,,,,,
,,,,,,,,,,,,,,,,,,,,
,,,,,,,,,,,,,,,,,,,,
,,,,,,,,,,,,,,,,,,,,
,,,,,,,,,,,,,,,,,,,,
,,,,,,,,,,,,,,,,,,,,
,,,,,,,,,,,,,,,,,,,,
,,,,,,,,,,,,,,,,,,,,
,,,,,,,,,,,,,,,,,,,,
,,,,,,,,,,,,,,,,,,,,
,,,,,,,,,,,,,,,,,,,,
,,,,,,,,,,,,,,,,,,,,
,,,,,,,,,,,,,,,,,,,,
,,,,,,,,,,,,,,,,,,,,
,,,,,,,,,,,,,,,,,,,,
,,,,,,,,,,,,,,,,,,,,
,,,,,,,,,,,,,,,,,,,,
,,,,,,,,,,,,,,,,,,,,
,,,,,,,,,,,,,,,,,,,,
,,,,,,,,,,,,,,,,,,,,
,,,,,,,,,,,,,,,,,,,,
,,,,,,,,,,,,,,,,,,,,
,,,,,,,,,,,,,,,,,,,,
,,,,,,,,,,,,,,,,,,,,
,,,,,,,,,,,,,,,,,,,,
,,,,,,,,,,,,,,,,,,,,
,,,,,,,,,,,,,,,,,,,,
,,,,,,,,,,,,,,,,,,,,
,,,,,,,,,,,,,,,,,,,,
,,,,,,,,,,,,,,,,,,,,
,,,,,,,,,,,,,,,,,,,,
,,,,,,,,,,,,,,,,,,,,
,,,,,,,,,,,,,,,,,,,,
,,,,,,,,,,,,,,,,,,,,
,,,,,,,,,,,,,,,,,,,,
,,,,,,,,,,,,,,,,,,,,
,,,,,,,,,,,,,,,,,,,,
,,,,,,,,,,,,,,,,,,,,
,,,,,,,,,,,,,,,,,,,,
,,,,,,,,,,,,,,,,,,,,
,,,,,,,,,,,,,,,,,,,,
,,,,,,,,,,,,,,,,,,,,
,,,,,,,,,,,,,,,,,,,,
,,,,,,,,,,,,,,,,,,,,
,,,,,,,,,,,,,,,,,,,,
,,,,,,,,,,,,,,,,,,,,
,,,,,,,,,,,,,,,,,,,,
,,,,,,,,,,,,,,,,,,,,
,,,,,,,,,,,,,,,,,,,,
,,,,,,,,,,,,,,,,,,,,
,,,,,,,,,,,,,,,,,,,,
,,,,,,,,,,,,,,,,,,,,
,,,,,,,,,,,,,,,,,,,,
,,,,,,,,,,,,,,,,,,,,
,,,,,,,,,,,,,,,,,,,,
,,,,,,,,,,,,,,,,,,,,
,,,,,,,,,,,,,,,,,,,,
,,,,,,,,,,,,,,,,,,,,
,,,,,,,,,,,,,,,,,,,,
,,,,,,,,,,,,,,,,,,,,
,,,,,,,,,,,,,,,,,,,,
,,,,,,,,,,,,,,,,,,,,
,,,,,,,,,,,,,,,,,,,,
,,,,,,,,,,,,,,,,,,,,
,,,,,,,,,,,,,,,,,,,,
,,,,,,,,,,,,,,,,,,,,
,,,,,,,,,,,,,,,,,,,,
,,,,,,,,,,,,,,,,,,,,
,,,,,,,,,,,,,,,,,,,,
,,,,,,,,,,,,,,,,,,,,
,,,,,,,,,,,,,,,,,,,,
,,,,,,,,,,,,,,,,,,,,
,,,,,,,,,,,,,,,,,,,,
,,,,,,,,,,,,,,,,,,,,
,,,,,,,,,,,,,,,,,,,,
,,,,,,,,,,,,,,,,,,,,
,,,,,,,,,,,,,,,,,,,,
,,,,,,,,,,,,,,,,,,,,
,,,,,,,,,,,,,,,,,,,,
,,,,,,,,,,,,,,,,,,,,
,,,,,,,,,,,,,,,,,,,,
,,,,,,,,,,,,,,,,,,,,
,,,,,,,,,,,,,,,,,,,,
,,,,,,,,,,,,,,,,,,,,
,,,,,,,,,,,,,,,,,,,,
,,,,,,,,,,,,,,,,,,,,
,,,,,,,,,,,,,,,,,,,,
,,,,,,,,,,,,,,,,,,,,
,,,,,,,,,,,,,,,,,,,,
,,,,,,,,,,,,,,,,,,,,
,,,,,,,,,,,,,,,,,,,,
,,,,,,,,,,,,,,,,,,,,
,,,,,,,,,,,,,,,,,,,,
,,,,,,,,,,,,,,,,,,,,
,,,,,,,,,,,,,,,,,,,,
,,,,,,,,,,,,,,,,,,,,
,,,,,,,,,,,,,,,,,,,,
,,,,,,,,,,,,,,,,,,,,
,,,,,,,,,,,,,,,,,,,,
,,,,,,,,,,,,,,,,,,,,
,,,,,,,,,,,,,,,,,,,,
,,,,,,,,,,,,,,,,,,,,
,,,,,,,,,,,,,,,,,,,,
,,,,,,,,,,,,,,,,,,,,
,,,,,,,,,,,,,,,,,,,,
,,,,,,,,,,,,,,,,,,,,
,,,,,,,,,,,,,,,,,,,,
,,,,,,,,,,,,,,,,,,,,
,,,,,,,,,,,,,,,,,,,,
,,,,,,,,,,,,,,,,,,,,
,,,,,,,,,,,,,,,,,,,,